id,number,number2,date,contact_id,contact_name,amount,status,created_at,updated_at,myinvois_document_uuid,myinvois_document_status,issued_at,validated_at,synced_at
11155,2601370,,2026-03-09,,,970.0,ready,2026-03-07 00:39:56,2026-03-07 00:39:56,,,,,2026-03-10T11:30:58.188187
11163,2601372,,2026-03-09,,,422.43,ready,2026-03-10 00:38:43,2026-03-10 00:38:43,,,,,2026-03-10T11:30:58.188187
11164,2601373,,2026-03-09,,,374.0,ready,2026-03-10 00:38:43,2026-03-10 00:38:43,,,,,2026-03-10T11:30:58.188187
11165,2601374,,2026-03-09,,,222.59,ready,2026-03-10 00:38:44,2026-03-10 00:38:44,,,,,2026-03-10T11:30:58.188187
11166,2601375,,2026-03-09,,,187.59,ready,2026-03-10 00:38:45,2026-03-10 00:38:45,,,,,2026-03-10T11:30:58.188187
11167,2601376,,2026-03-09,,,222.59,ready,2026-03-10 00:38:45,2026-03-10 00:38:46,,,,,2026-03-10T11:30:58.188187
11168,2601377,,2026-03-09,,,374.0,ready,2026-03-10 00:38:46,2026-03-10 00:38:46,,,,,2026-03-10T11:30:58.188187
11169,2601378,,2026-03-09,,,222.59,ready,2026-03-10 00:38:47,2026-03-10 00:38:47,,,,,2026-03-10T11:30:58.188187
11170,2601379,,2026-03-09,,,222.59,ready,2026-03-10 00:38:47,2026-03-10 00:38:48,,,,,2026-03-10T11:30:58.188187
11171,2601380,,2026-03-09,,,357.0,ready,2026-03-10 00:38:48,2026-03-10 00:38:48,,,,,2026-03-10T11:30:58.188187
11172,2601381,,2026-03-09,,,298.08,ready,2026-03-10 00:38:49,2026-03-10 00:38:49,,,,,2026-03-10T11:30:58.188187
11173,2601382,,2026-03-09,,,498.95,ready,2026-03-10 00:38:49,2026-03-10 00:38:50,,,,,2026-03-10T11:30:58.188187
11174,2601383,,2026-03-09,,,373.96,ready,2026-03-10 00:38:50,2026-03-10 00:38:50,,,,,2026-03-10T11:30:58.188187
11175,2601384,,2026-03-09,,,438.0,ready,2026-03-10 00:38:51,2026-03-10 00:38:51,,,,,2026-03-10T11:30:58.188187
11176,2601385,,2026-03-09,,,383.0,ready,2026-03-10 00:38:51,2026-03-10 00:38:51,,,,,2026-03-10T11:30:58.188187
11177,2601386,,2026-03-09,,,2002.0,ready,2026-03-10 00:38:52,2026-03-10 00:38:52,,,,,2026-03-10T11:30:58.188187
11178,2601387,,2026-03-09,,,1857.0,ready,2026-03-10 00:38:53,2026-03-10 00:38:54,,,,,2026-03-10T11:30:58.188187
11179,2601388,,2026-03-09,,,3133.0,ready,2026-03-10 00:38:55,2026-03-10 00:38:55,,,,,2026-03-10T11:30:58.188187
11180,2601389,,2026-03-09,,,1075.0,ready,2026-03-10 00:38:56,2026-03-10 00:38:56,,,,,2026-03-10T11:30:58.188187
11181,2601390,,2026-03-09,,,648.0,ready,2026-03-10 00:38:57,2026-03-10 00:38:57,,,,,2026-03-10T11:30:58.188187
11182,2601391,,2026-03-09,,,1810.0,ready,2026-03-10 00:38:58,2026-03-10 00:38:58,,,,,2026-03-10T11:30:58.188187
11183,2601392,,2026-03-09,,,88.0,ready,2026-03-10 00:38:59,2026-03-10 00:38:59,,,,,2026-03-10T11:30:58.453624
11184,2601393,,2026-03-09,,,694.5,ready,2026-03-10 00:39:00,2026-03-10 00:39:00,,,,,2026-03-10T11:30:58.453624
11185,2601394,,2026-03-09,,,11.0,ready,2026-03-10 00:39:01,2026-03-10 00:39:01,,,,,2026-03-10T11:30:58.453624
11186,2601395,,2026-03-09,,,1212.5,ready,2026-03-10 00:39:02,2026-03-10 00:39:02,,,,,2026-03-10T11:30:58.453624
11187,2601396,,2026-03-09,,,2698.0,ready,2026-03-10 00:39:03,2026-03-10 00:39:03,,,,,2026-03-10T11:30:58.453624
11188,2601397,,2026-03-09,,,2748.0,ready,2026-03-10 00:39:04,2026-03-10 00:39:05,,,,,2026-03-10T11:30:58.453624
11189,2601398,,2026-03-09,,,3102.0,ready,2026-03-10 00:39:06,2026-03-10 00:39:07,,,,,2026-03-10T11:30:58.453624
11190,2601399,,2026-03-09,,,2496.0,ready,2026-03-10 00:39:08,2026-03-10 00:39:08,,,,,2026-03-10T11:30:58.453624
11191,2601400,,2026-03-09,,,1807.0,ready,2026-03-10 00:39:09,2026-03-10 00:39:09,,,,,2026-03-10T11:30:58.453624
11192,2601401,,2026-03-09,,,1235.0,ready,2026-03-10 00:39:10,2026-03-10 00:39:11,,,,,2026-03-10T11:30:58.453624
11193,2601402,,2026-03-09,,,1633.0,ready,2026-03-10 00:39:11,2026-03-10 00:39:12,,,,,2026-03-10T11:30:58.453624
11194,2601403,,2026-03-09,,,966.0,ready,2026-03-10 00:39:13,2026-03-10 00:39:13,,,,,2026-03-10T11:30:58.453624
11195,2601404,,2026-03-09,,,4816.0,ready,2026-03-10 00:39:14,2026-03-10 00:39:14,,,,,2026-03-10T11:30:58.453624
11196,2601405,,2026-03-09,,,239.0,ready,2026-03-10 00:39:16,2026-03-10 00:39:16,,,,,2026-03-10T11:30:58.453624
11197,2601406,,2026-03-09,,,1728.0,ready,2026-03-10 00:39:16,2026-03-10 00:39:17,,,,,2026-03-10T11:30:58.453624
11198,2601407,,2026-03-09,,,732.0,ready,2026-03-10 00:39:18,2026-03-10 00:39:18,,,,,2026-03-10T11:30:58.453624
11199,2601408,,2026-03-09,,,3232.0,ready,2026-03-10 00:39:18,2026-03-10 00:39:19,,,,,2026-03-10T11:30:58.453624
11200,2601409,,2026-03-09,,,224.0,ready,2026-03-10 00:39:20,2026-03-10 00:39:20,,,,,2026-03-10T11:30:58.453624
11201,2601410,,2026-03-09,,,3076.0,ready,2026-03-10 00:39:21,2026-03-10 00:39:21,,,,,2026-03-10T11:30:58.453624
11202,2601411,,2026-03-09,,,379.5,ready,2026-03-10 00:39:23,2026-03-10 00:39:23,,,,,2026-03-10T11:30:58.453624
11203,2601412,,2026-03-09,,,273.5,ready,2026-03-10 00:39:23,2026-03-10 00:39:24,,,,,2026-03-10T11:30:58.453624
11204,2601413,,2026-03-09,,,80.85,ready,2026-03-10 00:39:24,2026-03-10 00:39:25,,,,,2026-03-10T11:30:58.453624
11205,2601414,,2026-03-09,,,1324.0,ready,2026-03-10 00:39:25,2026-03-10 00:39:26,,,,,2026-03-10T11:30:58.453624
11206,2601415,,2026-03-09,,,5285.0,ready,2026-03-10 00:39:27,2026-03-10 00:39:27,,,,,2026-03-10T11:30:58.453624
11207,2601416,,2026-03-09,,,358.2,ready,2026-03-10 00:39:29,2026-03-10 00:39:29,,,,,2026-03-10T11:30:58.453624
11208,2601417,,2026-03-09,,,3166.0,ready,2026-03-10 00:39:30,2026-03-10 00:39:30,,,,,2026-03-10T11:30:58.453624
11209,2601418,,2026-03-09,,,1015.2,ready,2026-03-10 00:39:31,2026-03-10 00:39:32,,,,,2026-03-10T11:30:58.453624
11210,2601419,,2026-03-09,,,2156.0,ready,2026-03-10 00:39:33,2026-03-10 00:39:33,,,,,2026-03-10T11:30:58.453624
11211,2601420,,2026-03-09,,,1131.0,ready,2026-03-10 00:39:34,2026-03-10 00:39:34,,,,,2026-03-10T11:30:58.453624
11212,2601421,,2026-03-09,,,758.5,ready,2026-03-10 00:39:35,2026-03-10 00:39:36,,,,,2026-03-10T11:30:58.453624
11213,2601422,,2026-03-09,,,275.0,ready,2026-03-10 00:39:37,2026-03-10 00:39:37,,,,,2026-03-10T11:30:58.453624
11214,2601423,,2026-03-09,,,222.59,ready,2026-03-10 00:39:38,2026-03-10 00:39:38,,,,,2026-03-10T11:30:58.453624
11215,2601424,,2026-03-09,,,244.0,ready,2026-03-10 00:39:38,2026-03-10 00:39:39,,,,,2026-03-10T11:30:58.453624
11216,2601425,,2026-03-09,,,60.0,ready,2026-03-10 00:39:39,2026-03-10 00:39:40,,,,,2026-03-10T11:30:58.453624
11217,2601426,,2026-03-09,,,1032.0,ready,2026-03-10 00:39:40,2026-03-10 00:39:40,,,,,2026-03-10T11:30:58.453624
11218,2601427,,2026-03-09,,,1434.0,ready,2026-03-10 00:39:41,2026-03-10 00:39:41,,,,,2026-03-10T11:30:58.453624
11219,SB76651,,2026-03-09,,,80.0,ready,2026-03-10 00:40:14,2026-03-10 00:40:14,,,,,2026-03-10T11:30:58.453624
11220,TJ22235,,2026-03-09,,,60.0,ready,2026-03-10 00:40:15,2026-03-10 00:40:15,,,,,2026-03-10T11:30:58.453624
11221,TJ22236,,2026-03-09,,,96.0,ready,2026-03-10 00:40:15,2026-03-10 00:40:15,,,,,2026-03-10T11:30:58.453624
11222,TJ22237,,2026-03-09,,,90.0,ready,2026-03-10 00:40:16,2026-03-10 00:40:16,,,,,2026-03-10T11:30:58.453624
11136,2601351,,2026-03-06,,,1844.0,ready,2026-03-07 00:39:36,2026-03-07 00:39:37,,,,,2026-03-10T11:30:58.188187
11137,2601352,,2026-03-06,,,508.0,ready,2026-03-07 00:39:38,2026-03-07 00:39:38,,,,,2026-03-10T11:30:58.188187
11138,2601353,,2026-03-06,,,970.0,ready,2026-03-07 00:39:39,2026-03-07 00:39:39,,,,,2026-03-10T11:30:58.188187
11139,2601354,,2026-03-06,,,3240.0,ready,2026-03-07 00:39:40,2026-03-07 00:39:40,,,,,2026-03-10T11:30:58.188187
11140,2601355,,2026-03-06,,,156.0,ready,2026-03-07 00:39:41,2026-03-07 00:39:41,,,,,2026-03-10T11:30:58.188187
11141,2601356,,2026-03-06,,,75.5,ready,2026-03-07 00:39:41,2026-03-07 00:39:42,,,,,2026-03-10T11:30:58.188187
11142,2601357,,2026-03-06,,,47.0,ready,2026-03-07 00:39:42,2026-03-07 00:39:42,,,,,2026-03-10T11:30:58.188187
11143,2601358,,2026-03-06,,,428.0,ready,2026-03-07 00:39:43,2026-03-07 00:39:43,,,,,2026-03-10T11:30:58.188187
11144,2601359,,2026-03-06,,,1712.0,ready,2026-03-07 00:39:44,2026-03-07 00:39:44,,,,,2026-03-10T11:30:58.188187
11145,2601360,,2026-03-06,,,348.96,ready,2026-03-07 00:39:45,2026-03-07 00:39:45,,,,,2026-03-10T11:30:58.188187
11146,2601361,,2026-03-06,,,487.0,ready,2026-03-07 00:39:46,2026-03-07 00:39:46,,,,,2026-03-10T11:30:58.188187
11147,2601362,,2026-03-06,,,222.59,ready,2026-03-07 00:39:47,2026-03-07 00:39:47,,,,,2026-03-10T11:30:58.188187
11148,2601363,,2026-03-06,,,222.59,ready,2026-03-07 00:39:47,2026-03-07 00:39:48,,,,,2026-03-10T11:30:58.188187
11149,2601364,,2026-03-06,,,2405.0,ready,2026-03-07 00:39:48,2026-03-07 00:39:49,,,,,2026-03-10T11:30:58.188187
11150,2601365,,2026-03-06,,,905.0,ready,2026-03-07 00:39:50,2026-03-07 00:39:50,,,,,2026-03-10T11:30:58.188187
11151,2601366,,2026-03-06,,,3191.0,ready,2026-03-07 00:39:51,2026-03-07 00:39:51,,,,,2026-03-10T11:30:58.188187
11152,2601367,,2026-03-06,,,1462.0,ready,2026-03-07 00:39:53,2026-03-07 00:39:53,,,,,2026-03-10T11:30:58.188187
11153,2601368,,2026-03-06,,,1343.0,ready,2026-03-07 00:39:54,2026-03-07 00:39:54,,,,,2026-03-10T11:30:58.188187
11154,2601369,,2026-03-06,,,164.0,ready,2026-03-07 00:39:55,2026-03-07 00:39:55,,,,,2026-03-10T11:30:58.188187
11156,2601371,,2026-03-06,,,515.0,ready,2026-03-07 00:39:57,2026-03-07 00:39:57,,,,,2026-03-10T11:30:58.188187
11157,TJ22234,,2026-03-06,,,102.0,ready,2026-03-07 00:40:28,2026-03-07 00:40:28,,,,,2026-03-10T11:30:58.188187
11091,2601317,,2026-03-05,,,3835.0,ready,2026-03-06 00:40:06,2026-03-06 00:40:06,,,,,2026-03-10T11:30:58.188187
11092,2601318,,2026-03-05,,,3556.0,ready,2026-03-06 00:40:07,2026-03-06 00:40:08,,,,,2026-03-10T11:30:58.188187
11093,2601319,,2026-03-05,,,880.0,ready,2026-03-06 00:40:09,2026-03-06 00:40:09,,,,,2026-03-10T11:30:58.188187
11094,2601320,,2026-03-05,,,348.0,ready,2026-03-06 00:40:10,2026-03-06 00:40:10,,,,,2026-03-10T11:30:58.188187
11095,2601321,,2026-03-05,,,222.59,ready,2026-03-06 00:40:11,2026-03-06 00:40:11,,,,,2026-03-10T11:30:58.188187
11096,2601322,,2026-03-05,,,1135.0,ready,2026-03-06 00:40:11,2026-03-06 00:40:12,,,,,2026-03-10T11:30:58.188187
11097,2601323,,2026-03-05,,,273.0,ready,2026-03-06 00:40:12,2026-03-06 00:40:12,,,,,2026-03-10T11:30:58.188187
11098,2601324,,2026-03-05,,,712.0,ready,2026-03-06 00:40:13,2026-03-06 00:40:13,,,,,2026-03-10T11:30:58.188187
11099,2601325,,2026-03-05,,,899.0,ready,2026-03-06 00:40:14,2026-03-06 00:40:14,,,,,2026-03-10T11:30:58.188187
11100,2601326,,2026-03-05,,,489.58,ready,2026-03-06 00:40:15,2026-03-06 00:40:15,,,,,2026-03-10T11:30:58.188187
11101,2601327,,2026-03-05,,,374.0,ready,2026-03-06 00:40:16,2026-03-06 00:40:16,,,,,2026-03-10T11:30:58.188187
11102,2601328,,2026-03-05,,,222.59,ready,2026-03-06 00:40:17,2026-03-06 00:40:17,,,,,2026-03-10T11:30:58.188187
11103,2601329,,2026-03-05,,,418.0,ready,2026-03-06 00:40:17,2026-03-06 00:40:17,,,,,2026-03-10T11:30:58.188187
11104,2601330,,2026-03-05,,,2310.0,ready,2026-03-06 00:40:18,2026-03-06 00:40:18,,,,,2026-03-10T11:30:58.188187
11105,2601331,,2026-03-05,,,492.0,ready,2026-03-06 00:40:19,2026-03-06 00:40:19,,,,,2026-03-10T11:30:58.188187
11106,2601332,,2026-03-05,,,1165.0,ready,2026-03-06 00:40:20,2026-03-06 00:40:20,,,,,2026-03-10T11:30:58.188187
11107,2601333,,2026-03-05,,,286.2,ready,2026-03-06 00:40:21,2026-03-06 00:40:21,,,,,2026-03-10T11:30:58.188187
11108,2601334,,2026-03-05,,,2520.0,ready,2026-03-06 00:40:22,2026-03-06 00:40:22,,,,,2026-03-10T11:30:58.188187
11109,2601335,,2026-03-05,,,1579.0,ready,2026-03-06 00:40:23,2026-03-06 00:40:24,,,,,2026-03-10T11:30:58.188187
11110,2601336,,2026-03-05,,,985.0,ready,2026-03-06 00:40:24,2026-03-06 00:40:25,,,,,2026-03-10T11:30:58.188187
11111,2601337,,2026-03-05,,,140.0,ready,2026-03-06 00:40:25,2026-03-06 00:40:25,,,,,2026-03-10T11:30:58.188187
11112,2601338,,2026-03-05,,,562.0,ready,2026-03-06 00:40:26,2026-03-06 00:40:26,,,,,2026-03-10T11:30:58.188187
11113,2601339,,2026-03-05,,,348.0,ready,2026-03-06 00:40:27,2026-03-06 00:40:27,,,,,2026-03-10T11:30:58.188187
11114,2601340,,2026-03-05,,,1814.0,ready,2026-03-06 00:40:28,2026-03-06 00:40:28,,,,,2026-03-10T11:30:58.188187
11115,2601341,,2026-03-05,,,2829.0,ready,2026-03-06 00:40:29,2026-03-06 00:40:29,,,,,2026-03-10T11:30:58.188187
11116,2601342,,2026-03-05,,,254.0,ready,2026-03-06 00:40:30,2026-03-06 00:40:30,,,,,2026-03-10T11:30:58.188187
11117,2601343,,2026-03-05,,,254.0,ready,2026-03-06 00:40:31,2026-03-06 00:40:31,,,,,2026-03-10T11:30:58.188187
11118,2601344,,2026-03-05,,,1290.0,ready,2026-03-06 00:40:32,2026-03-06 00:40:32,,,,,2026-03-10T11:30:58.188187
11119,2601345,,2026-03-05,,,3420.0,ready,2026-03-06 00:40:33,2026-03-06 00:40:33,,,,,2026-03-10T11:30:58.188187
11120,2601346,,2026-03-05,,,4115.0,ready,2026-03-06 00:40:35,2026-03-06 00:40:35,,,,,2026-03-10T11:30:58.188187
11121,2601347,,2026-03-05,,,520.2,ready,2026-03-06 00:40:36,2026-03-06 00:40:37,,,,,2026-03-10T11:30:58.188187
11122,2601348,,2026-03-05,,,1185.0,ready,2026-03-06 00:40:37,2026-03-06 00:40:37,,,,,2026-03-10T11:30:58.188187
11123,2601349,,2026-03-05,,,249.0,ready,2026-03-06 00:40:38,2026-03-06 00:40:38,,,,,2026-03-10T11:30:58.188187
11124,2601350,,2026-03-05,,,1325.0,ready,2026-03-06 00:40:39,2026-03-06 00:40:39,,,,,2026-03-10T11:30:58.188187
11125,SB76601,,2026-03-05,,,30.0,ready,2026-03-06 00:41:32,2026-03-06 00:41:32,,,,,2026-03-10T11:30:58.188187
11047,2601286,,2026-03-04,,,2405.0,ready,2026-03-05 00:39:24,2026-03-05 00:39:24,,,,,2026-03-10T11:30:57.585535
11048,2601287,,2026-03-04,,,332.6,ready,2026-03-05 00:39:25,2026-03-05 00:39:25,,,,,2026-03-10T11:30:57.585535
11049,2601288,,2026-03-04,,,1940.0,ready,2026-03-05 00:39:26,2026-03-05 00:39:26,,,,,2026-03-10T11:30:57.585535
11050,2601289,,2026-03-04,,,4474.0,ready,2026-03-05 00:39:27,2026-03-05 00:39:28,,,,,2026-03-10T11:30:57.585535
11051,2601290,,2026-03-04,,,1236.0,ready,2026-03-05 00:39:29,2026-03-05 00:39:29,,,,,2026-03-10T11:30:57.585535
11052,2601291,,2026-03-04,,,2077.0,ready,2026-03-05 00:39:30,2026-03-05 00:39:30,,,,,2026-03-10T11:30:57.585535
11053,2601292,,2026-03-04,,,702.0,ready,2026-03-05 00:39:31,2026-03-05 00:39:31,,,,,2026-03-10T11:30:57.585535
11054,2601293,,2026-03-04,,,1354.0,ready,2026-03-05 00:39:32,2026-03-05 00:39:32,,,,,2026-03-10T11:30:57.585535
11055,2601294,,2026-03-04,,,1271.0,ready,2026-03-05 00:39:33,2026-03-05 00:39:33,,,,,2026-03-10T11:30:57.585535
11056,2601295,,2026-03-04,,,339.0,ready,2026-03-05 00:39:34,2026-03-05 00:39:34,,,,,2026-03-10T11:30:58.188187
11057,2601296,,2026-03-04,,,2380.0,ready,2026-03-05 00:39:35,2026-03-05 00:39:35,,,,,2026-03-10T11:30:58.188187
11058,2601297,,2026-03-04,,,1046.75,ready,2026-03-05 00:39:36,2026-03-05 00:39:37,,,,,2026-03-10T11:30:58.188187
11059,2601298,,2026-03-04,,,2075.0,ready,2026-03-05 00:39:38,2026-03-05 00:39:38,,,,,2026-03-10T11:30:58.188187
11060,2601299,,2026-03-04,,,493.0,ready,2026-03-05 00:39:39,2026-03-05 00:39:39,,,,,2026-03-10T11:30:58.188187
11061,2601300,,2026-03-04,,,304.0,ready,2026-03-05 00:39:40,2026-03-05 00:39:40,,,,,2026-03-10T11:30:58.188187
11062,2601301,,2026-03-04,,,1713.0,ready,2026-03-05 00:39:41,2026-03-05 00:39:41,,,,,2026-03-10T11:30:58.188187
11063,2601302,,2026-03-04,,,3213.0,ready,2026-03-05 00:39:42,2026-03-05 00:39:42,,,,,2026-03-10T11:30:58.188187
11064,2601303,,2026-03-04,,,1080.0,ready,2026-03-05 00:39:44,2026-03-05 00:39:44,,,,,2026-03-10T11:30:58.188187
11065,2601304,,2026-03-04,,,1118.34,ready,2026-03-05 00:39:44,2026-03-05 00:39:45,,,,,2026-03-10T11:30:58.188187
11066,2601305,,2026-03-04,,,5006.0,ready,2026-03-05 00:39:45,2026-03-05 00:39:46,,,,,2026-03-10T11:30:58.188187
11067,2601306,,2026-03-04,,,492.0,ready,2026-03-05 00:39:48,2026-03-05 00:39:48,,,,,2026-03-10T11:30:58.188187
11069,2601308,,2026-03-04,,,1052.0,ready,2026-03-05 00:39:50,2026-03-05 09:17:20,,,,,2026-03-10T11:30:58.188187
11070,2601309,,2026-03-04,,,298.8,ready,2026-03-05 00:39:51,2026-03-05 00:39:51,,,,,2026-03-10T11:30:58.188187
11071,2601310,,2026-03-04,,,119.5,ready,2026-03-05 00:39:51,2026-03-05 00:39:52,,,,,2026-03-10T11:30:58.188187
11072,2601311,,2026-03-04,,,949.0,ready,2026-03-05 00:39:52,2026-03-05 00:39:52,,,,,2026-03-10T11:30:58.188187
11073,2601312,,2026-03-04,,,486.95,ready,2026-03-05 00:39:53,2026-03-05 00:39:53,,,,,2026-03-10T11:30:58.188187
11074,2601313,,2026-03-04,,,414.6,ready,2026-03-05 00:39:54,2026-03-05 00:39:54,,,,,2026-03-10T11:30:58.188187
11075,2601314,,2026-03-04,,,375.0,ready,2026-03-05 00:39:54,2026-03-05 00:39:54,,,,,2026-03-10T11:30:58.188187
11076,2601315,,2026-03-04,,,187.59,ready,2026-03-05 00:39:55,2026-03-05 00:39:55,,,,,2026-03-10T11:30:58.188187
11077,2601316,,2026-03-04,,,374.0,ready,2026-03-05 00:39:56,2026-03-05 00:39:56,,,,,2026-03-10T11:30:58.188187
11078,SB75542,,2026-03-04,,,27.0,ready,2026-03-05 00:40:27,2026-03-05 00:40:27,,,,,2026-03-10T11:30:58.188187
11079,SB77060,,2026-03-04,,,57.6,ready,2026-03-05 00:40:28,2026-03-05 00:40:28,,,,,2026-03-10T11:30:58.188187
11001,2601241,,2026-03-03,,,289.0,ready,2026-03-04 00:39:23,2026-03-04 00:39:23,,,,,2026-03-10T11:30:57.585535
11002,2601242,,2026-03-03,,,4490.0,ready,2026-03-04 00:39:24,2026-03-04 00:39:24,,,,,2026-03-10T11:30:57.585535
11003,2601243,,2026-03-03,,,2405.0,ready,2026-03-04 00:39:26,2026-03-04 00:39:26,,,,,2026-03-10T11:30:57.585535
11004,2601244,,2026-03-03,,,367.5,ready,2026-03-04 00:39:27,2026-03-04 00:39:27,,,,,2026-03-10T11:30:57.585535
11005,2601245,,2026-03-03,,,420.0,ready,2026-03-04 00:39:28,2026-03-04 00:39:28,,,,,2026-03-10T11:30:57.585535
11006,2601246,,2026-03-03,,,3356.0,ready,2026-03-04 00:39:29,2026-03-04 00:39:29,,,,,2026-03-10T11:30:57.585535
11007,2601247,,2026-03-03,,,959.0,ready,2026-03-04 00:39:31,2026-03-04 00:39:31,,,,,2026-03-10T11:30:57.585535
11008,2601248,,2026-03-03,,,233.5,ready,2026-03-04 00:39:32,2026-03-04 00:39:32,,,,,2026-03-10T11:30:57.585535
11009,2601249,,2026-03-03,,,1827.0,ready,2026-03-04 00:39:33,2026-03-04 00:39:33,,,,,2026-03-10T11:30:57.585535
11010,2601250,,2026-03-03,,,986.0,ready,2026-03-04 00:39:34,2026-03-04 00:39:34,,,,,2026-03-10T11:30:57.585535
11011,2601251,,2026-03-03,,,656.0,ready,2026-03-04 00:39:35,2026-03-04 00:39:35,,,,,2026-03-10T11:30:57.585535
11012,2601252,,2026-03-03,,,493.0,ready,2026-03-04 00:39:36,2026-03-04 00:39:36,,,,,2026-03-10T11:30:57.585535
11013,2601253,,2026-03-03,,,909.0,ready,2026-03-04 00:39:37,2026-03-04 00:39:37,,,,,2026-03-10T11:30:57.585535
11014,2601254,,2026-03-03,,,2349.0,ready,2026-03-04 00:39:38,2026-03-04 00:39:38,,,,,2026-03-10T11:30:57.585535
11015,2601255,,2026-03-03,,,977.8,ready,2026-03-04 00:39:39,2026-03-04 00:39:39,,,,,2026-03-10T11:30:57.585535
11016,2601256,,2026-03-03,,,144.5,ready,2026-03-04 00:39:40,2026-03-04 00:39:41,,,,,2026-03-10T11:30:57.585535
11017,2601257,,2026-03-03,,,181.96,ready,2026-03-04 00:39:41,2026-03-04 00:39:41,,,,,2026-03-10T11:30:57.585535
11018,2601258,,2026-03-03,,,187.59,ready,2026-03-04 00:39:42,2026-03-04 00:39:42,,,,,2026-03-10T11:30:57.585535
11019,2601259,,2026-03-03,,,187.59,ready,2026-03-04 00:39:43,2026-03-04 00:39:43,,,,,2026-03-10T11:30:57.585535
11020,2601260,,2026-03-03,,,187.59,ready,2026-03-04 00:39:43,2026-03-04 00:39:43,,,,,2026-03-10T11:30:57.585535
11021,2601261,,2026-03-03,,,222.59,ready,2026-03-04 00:39:44,2026-03-04 00:39:44,,,,,2026-03-10T11:30:57.585535
11022,2601262,,2026-03-03,,,222.59,ready,2026-03-04 00:39:45,2026-03-04 00:39:45,,,,,2026-03-10T11:30:57.585535
11023,2601263,,2026-03-03,,,187.59,ready,2026-03-04 00:39:45,2026-03-04 00:39:45,,,,,2026-03-10T11:30:57.585535
11024,2601264,,2026-03-03,,,439.34,ready,2026-03-04 00:39:46,2026-03-04 00:39:46,,,,,2026-03-10T11:30:57.585535
11025,2601265,,2026-03-03,,,222.59,ready,2026-03-04 00:39:47,2026-03-04 00:39:47,,,,,2026-03-10T11:30:57.585535
11026,2601266,,2026-03-03,,,187.59,ready,2026-03-04 00:39:47,2026-03-04 00:39:48,,,,,2026-03-10T11:30:57.585535
11027,2601267,,2026-03-03,,,222.59,ready,2026-03-04 00:39:48,2026-03-04 00:39:48,,,,,2026-03-10T11:30:57.585535
11028,2601268,,2026-03-03,,,374.0,ready,2026-03-04 00:39:49,2026-03-04 00:39:49,,,,,2026-03-10T11:30:57.585535
11029,2601269,,2026-03-03,,,392.0,ready,2026-03-04 00:39:50,2026-03-04 00:39:50,,,,,2026-03-10T11:30:57.585535
11030,2601270,,2026-03-03,,,519.94,ready,2026-03-04 00:39:50,2026-03-04 00:39:50,,,,,2026-03-10T11:30:57.585535
11031,2601271,,2026-03-03,,,234.0,ready,2026-03-04 00:39:51,2026-03-04 00:39:51,,,,,2026-03-10T11:30:57.585535
11032,2601272,,2026-03-03,,,164.0,ready,2026-03-04 00:39:52,2026-03-04 00:39:52,,,,,2026-03-10T11:30:57.585535
11033,2601273,,2026-03-03,,,321.0,ready,2026-03-04 00:39:53,2026-03-04 00:39:53,,,,,2026-03-10T11:30:57.585535
11034,2601274,,2026-03-03,,,188.5,ready,2026-03-04 00:39:53,2026-03-04 00:39:53,,,,,2026-03-10T11:30:57.585535
11035,2601275,,2026-03-03,,,328.0,ready,2026-03-04 00:39:54,2026-03-04 00:39:54,,,,,2026-03-10T11:30:57.585535
11036,2601276,,2026-03-03,,,345.0,ready,2026-03-04 00:39:55,2026-03-04 00:39:55,,,,,2026-03-10T11:30:57.585535
11037,2601277,,2026-03-03,,,378.0,ready,2026-03-04 00:39:55,2026-03-04 00:39:55,,,,,2026-03-10T11:30:57.585535
11038,2601278,,2026-03-03,,,304.0,ready,2026-03-04 00:39:56,2026-03-04 00:39:56,,,,,2026-03-10T11:30:57.585535
11039,2601279,,2026-03-03,,,508.0,ready,2026-03-04 00:39:57,2026-03-04 00:39:57,,,,,2026-03-10T11:30:57.585535
11040,2601280,,2026-03-03,,,759.0,ready,2026-03-04 00:39:58,2026-03-04 00:39:58,,,,,2026-03-10T11:30:57.585535
11041,2601281,,2026-03-03,,,520.0,ready,2026-03-04 00:39:58,2026-03-04 00:39:58,,,,,2026-03-10T11:30:57.585535
11042,2601282,,2026-03-03,,,473.0,ready,2026-03-04 00:39:59,2026-03-04 00:39:59,,,,,2026-03-10T11:30:57.585535
11043,2601283,,2026-03-03,,,3970.0,ready,2026-03-04 00:40:00,2026-03-04 00:40:00,,,,,2026-03-10T11:30:57.585535
11044,2601284,,2026-03-03,,,726.0,ready,2026-03-04 00:40:02,2026-03-04 00:40:02,,,,,2026-03-10T11:30:57.585535
11045,2601285,,2026-03-03,,,1021.44,ready,2026-03-04 00:40:02,2026-03-04 00:40:03,,,,,2026-03-10T11:30:57.585535
10987,2601229,,2026-03-02,,,164.0,ready,2026-03-02 15:24:46,2026-03-02 15:24:46,,,,,2026-03-10T11:30:57.585535
10988,2601230,,2026-03-02,,,760.0,ready,2026-03-02 15:24:47,2026-03-02 15:24:47,,,,,2026-03-10T11:30:57.585535
10989,2601231,,2026-03-02,,,239.0,ready,2026-03-02 15:24:48,2026-03-02 15:24:48,,,,,2026-03-10T11:30:57.585535
10990,2601232,,2026-03-02,,,3214.0,ready,2026-03-02 15:24:48,2026-03-02 15:24:49,,,,,2026-03-10T11:30:57.585535
10991,2601233,,2026-03-02,,,378.0,ready,2026-03-02 15:24:50,2026-03-02 15:24:50,,,,,2026-03-10T11:30:57.585535
10992,2601234,,2026-03-02,,,358.0,ready,2026-03-02 15:24:51,2026-03-02 15:24:51,,,,,2026-03-10T11:30:57.585535
10993,2601235,,2026-03-02,,,328.0,ready,2026-03-02 15:24:51,2026-03-02 15:24:52,,,,,2026-03-10T11:30:57.585535
10994,2601236,,2026-03-02,,,4054.0,ready,2026-03-02 15:24:52,2026-03-02 15:24:53,,,,,2026-03-10T11:30:57.585535
10995,2601237,,2026-03-02,,,383.0,ready,2026-03-02 15:24:54,2026-03-02 15:24:54,,,,,2026-03-10T11:30:57.585535
10996,2601238,,2026-03-02,,,588.0,ready,2026-03-02 15:24:55,2026-03-02 15:24:55,,,,,2026-03-10T11:30:57.585535
10997,2601239,,2026-03-02,,,6.6,ready,2026-03-02 15:24:56,2026-03-02 15:24:56,,,,,2026-03-10T11:30:57.585535
10998,2601240,,2026-03-02,,,440.0,ready,2026-03-02 15:24:57,2026-03-02 15:24:57,,,,,2026-03-10T11:30:57.585535
10999,TJ22232,,2026-03-02,,,42.0,ready,2026-03-02 15:25:50,2026-03-02 15:25:50,,,,,2026-03-10T11:30:57.585535
11000,TJ22233,,2026-03-02,,,30.0,ready,2026-03-02 15:25:51,2026-03-02 15:25:51,,,,,2026-03-10T11:30:57.585535
10869,2601122,,2026-02-27,,,485.0,ready,2026-02-28 00:39:30,2026-02-28 00:39:30,,,,,2026-03-10T11:30:57.194892
10870,2601123,,2026-02-27,,,56.5,ready,2026-02-28 00:39:31,2026-02-28 00:39:31,,,,,2026-03-10T11:30:57.194892
10871,2601124,,2026-02-27,,,960.0,ready,2026-02-28 00:39:32,2026-02-28 00:39:32,,,,,2026-03-10T11:30:57.194892
10872,2601125,,2026-02-27,,,153.0,ready,2026-02-28 00:39:33,2026-02-28 00:39:33,,,,,2026-03-10T11:30:57.194892
10873,2601126,,2026-02-27,,,709.5,ready,2026-02-28 00:39:34,2026-02-28 00:39:34,,,,,2026-03-10T11:30:57.194892
10874,2601127,,2026-02-27,,,170.65,ready,2026-02-28 00:39:35,2026-02-28 00:39:35,,,,,2026-03-10T11:30:57.194892
10875,2601128,,2026-02-27,,,941.75,ready,2026-02-28 00:39:36,2026-02-28 00:39:36,,,,,2026-03-10T11:30:57.194892
10876,2601129,,2026-02-27,,,252.65,ready,2026-02-28 00:39:37,2026-02-28 00:39:37,,,,,2026-03-10T11:30:57.194892
10877,2601130,,2026-02-27,,,1132.75,ready,2026-02-28 00:39:38,2026-02-28 00:39:39,,,,,2026-03-10T11:30:57.194892
10878,2601131,,2026-02-27,,,115.0,ready,2026-02-28 00:39:40,2026-02-28 00:39:40,,,,,2026-03-10T11:30:57.194892
10879,2601132,,2026-02-27,,,881.25,ready,2026-02-28 00:39:41,2026-02-28 00:39:41,,,,,2026-03-10T11:30:57.194892
10880,2601133,,2026-02-27,,,1829.5,ready,2026-02-28 00:39:42,2026-02-28 00:39:43,,,,,2026-03-10T11:30:57.194892
10881,2601134,,2026-02-27,,,345.25,ready,2026-02-28 00:39:43,2026-02-28 00:39:44,,,,,2026-03-10T11:30:57.194892
10882,2601135,,2026-02-27,,,108.0,ready,2026-02-28 00:39:45,2026-02-28 00:39:45,,,,,2026-03-10T11:30:57.194892
10883,2601136,,2026-02-27,,,57.0,ready,2026-02-28 00:39:46,2026-02-28 00:39:46,,,,,2026-03-10T11:30:57.194892
10884,2601137,,2026-02-27,,,108.0,ready,2026-02-28 00:39:46,2026-02-28 00:39:46,,,,,2026-03-10T11:30:57.194892
10885,2601138,,2026-02-27,,,108.0,ready,2026-02-28 00:39:47,2026-02-28 00:39:47,,,,,2026-03-10T11:30:57.194892
10886,2601139,,2026-02-27,,,108.0,ready,2026-02-28 00:39:48,2026-02-28 00:39:48,,,,,2026-03-10T11:30:57.194892
10887,2601140,,2026-02-27,,,5450.0,ready,2026-02-28 00:39:48,2026-02-28 00:39:48,,,,,2026-03-10T11:30:57.194892
10888,2601141,,2026-02-27,,,288.0,ready,2026-02-28 00:39:49,2026-02-28 00:39:49,,,,,2026-03-10T11:30:57.194892
10889,2601142,,2026-02-27,,,600.0,ready,2026-02-28 00:39:50,2026-02-28 00:39:50,,,,,2026-03-10T11:30:57.194892
10890,2601143,,2026-02-27,,,1170.0,ready,2026-02-28 00:39:51,2026-02-28 00:39:52,,,,,2026-03-10T11:30:57.194892
10891,2601144,,2026-02-27,,,537.5,ready,2026-02-28 00:39:53,2026-02-28 00:39:54,,,,,2026-03-10T11:30:57.194892
10892,2601145,,2026-02-27,,,3730.0,ready,2026-02-28 00:39:55,2026-02-28 00:39:55,,,,,2026-03-10T11:30:57.194892
10893,2601146,,2026-02-27,,,1047.0,ready,2026-02-28 00:39:56,2026-02-28 00:39:56,,,,,2026-03-10T11:30:57.194892
10894,2601147,,2026-02-27,,,140.0,ready,2026-02-28 00:39:56,2026-02-28 00:39:56,,,,,2026-03-10T11:30:57.194892
10895,2601148,,2026-02-27,,,603.5,ready,2026-02-28 00:39:57,2026-02-28 00:39:57,,,,,2026-03-10T11:30:57.194892
10896,2601149,,2026-02-27,,,22.5,ready,2026-02-28 00:39:58,2026-02-28 00:39:58,,,,,2026-03-10T11:30:57.194892
10897,2601150,,2026-02-27,,,1350.0,ready,2026-02-28 00:39:59,2026-02-28 00:39:59,,,,,2026-03-10T11:30:57.194892
10898,2601151,,2026-02-27,,,128.0,ready,2026-02-28 00:40:01,2026-02-28 00:40:01,,,,,2026-03-10T11:30:57.194892
10899,2601152,,2026-02-27,,,1412.0,ready,2026-02-28 00:40:02,2026-02-28 00:40:02,,,,,2026-03-10T11:30:57.194892
10900,2601153,,2026-02-27,,,3730.5,ready,2026-02-28 00:40:03,2026-02-28 00:40:04,,,,,2026-03-10T11:30:57.194892
10901,2601154,,2026-02-27,,,220.0,ready,2026-02-28 00:40:06,2026-02-28 00:40:06,,,,,2026-03-10T11:30:57.194892
10902,2601155,,2026-02-27,,,360.0,ready,2026-02-28 00:40:07,2026-02-28 00:40:07,,,,,2026-03-10T11:30:57.194892
10903,2601156,,2026-02-27,,,436.0,ready,2026-02-28 00:40:08,2026-02-28 00:40:08,,,,,2026-03-10T11:30:57.194892
10904,2601157,,2026-02-27,,,85.0,ready,2026-02-28 00:40:09,2026-02-28 00:40:09,,,,,2026-03-10T11:30:57.194892
10905,2601158,,2026-02-27,,,280.0,ready,2026-02-28 00:40:09,2026-02-28 00:40:09,,,,,2026-03-10T11:30:57.194892
10906,2601159,,2026-02-27,,,720.0,ready,2026-02-28 00:40:10,2026-02-28 00:40:10,,,,,2026-03-10T11:30:57.194892
10907,2601160,,2026-02-27,,,360.0,ready,2026-02-28 00:40:11,2026-02-28 00:40:11,,,,,2026-03-10T11:30:57.194892
10908,2601161,,2026-02-27,,,1730.0,ready,2026-02-28 00:40:12,2026-02-28 00:40:12,,,,,2026-03-10T11:30:57.194892
10909,2601162,,2026-02-27,,,2585.0,ready,2026-02-28 00:40:13,2026-02-28 00:40:13,,,,,2026-03-10T11:30:57.194892
10910,2601163,,2026-02-27,,,360.0,ready,2026-02-28 00:40:14,2026-02-28 00:40:14,,,,,2026-03-10T11:30:57.194892
10911,2601164,,2026-02-27,,,765.0,ready,2026-02-28 00:40:15,2026-02-28 00:40:15,,,,,2026-03-10T11:30:57.194892
10912,2601165,,2026-02-27,,,187.59,ready,2026-02-28 00:40:16,2026-02-28 00:40:16,,,,,2026-03-10T11:30:57.194892
10913,2601166,,2026-02-27,,,222.59,ready,2026-02-28 00:40:17,2026-02-28 00:40:17,,,,,2026-03-10T11:30:57.194892
10914,2601167,,2026-02-27,,,222.59,ready,2026-02-28 00:40:17,2026-02-28 00:40:17,,,,,2026-03-10T11:30:57.194892
10915,2601168,,2026-02-27,,,222.59,ready,2026-02-28 00:40:18,2026-02-28 00:40:18,,,,,2026-03-10T11:30:57.194892
10916,2601169,,2026-02-27,,,341.0,ready,2026-02-28 00:40:19,2026-02-28 00:40:19,,,,,2026-03-10T11:30:57.194892
10917,2601170,,2026-02-27,,,321.0,ready,2026-02-28 00:40:20,2026-02-28 00:40:20,,,,,2026-03-10T11:30:57.194892
10918,2601171,,2026-02-27,,,378.0,ready,2026-02-28 00:40:20,2026-02-28 00:40:20,,,,,2026-03-10T11:30:57.194892
10919,2601172,,2026-02-27,,,9752.5,ready,2026-02-28 00:40:21,2026-02-28 00:40:21,,,,,2026-03-10T11:30:57.194892
10920,2601173,,2026-02-27,,,5385.0,ready,2026-02-28 00:40:22,2026-02-28 00:40:22,,,,,2026-03-10T11:30:57.194892
10921,2601174,,2026-02-27,,,114.0,ready,2026-02-28 00:40:23,2026-02-28 00:40:23,,,,,2026-03-10T11:30:57.194892
10922,2601175,,2026-02-27,,,76.0,ready,2026-02-28 00:40:24,2026-02-28 00:40:24,,,,,2026-03-10T11:30:57.194892
10923,2601176,,2026-02-27,,,520.0,ready,2026-02-28 00:40:25,2026-02-28 00:40:25,,,,,2026-03-10T11:30:57.194892
10924,2601177,,2026-02-27,,,6400.0,ready,2026-02-28 00:40:25,2026-02-28 00:40:26,,,,,2026-03-10T11:30:57.194892
10925,2601178,,2026-02-27,,,14.0,ready,2026-02-28 00:40:26,2026-02-28 00:40:27,,,,,2026-03-10T11:30:57.194892
10926,2601179,,2026-02-27,,,487.0,ready,2026-02-28 00:40:27,2026-02-28 00:40:27,,,,,2026-03-10T11:30:57.194892
10927,2601180,,2026-02-27,,,86.0,ready,2026-02-28 00:40:28,2026-02-28 00:40:28,,,,,2026-03-10T11:30:57.194892
10928,2601181,,2026-02-27,,,172.0,ready,2026-02-28 00:40:29,2026-02-28 00:40:29,,,,,2026-03-10T11:30:57.194892
10929,2601182,,2026-02-27,,,1680.0,ready,2026-02-28 00:40:29,2026-02-28 00:40:29,,,,,2026-03-10T11:30:57.194892
10930,2601183,,2026-02-27,,,645.0,ready,2026-02-28 00:40:30,2026-02-28 00:40:30,,,,,2026-03-10T11:30:57.194892
10931,2601184,,2026-02-27,,,85.0,ready,2026-02-28 00:40:31,2026-02-28 00:40:31,,,,,2026-03-10T11:30:57.194892
10932,2601185,,2026-02-27,,,196.0,ready,2026-02-28 00:40:31,2026-02-28 00:40:31,,,,,2026-03-10T11:30:57.194892
10933,2601186,,2026-02-27,,,57.0,ready,2026-02-28 00:40:32,2026-02-28 00:40:32,,,,,2026-03-10T11:30:57.194892
10934,2601187,,2026-02-27,,,40.25,ready,2026-02-28 00:40:33,2026-03-02 15:20:35,,,,,2026-03-10T11:30:57.194892
10936,2601189,,2026-02-27,,,140.0,ready,2026-02-28 00:40:34,2026-02-28 00:40:34,,,,,2026-03-10T11:30:57.194892
10938,2601191,,2026-02-27,,,677.0,ready,2026-02-28 00:40:36,2026-02-28 00:40:36,,,,,2026-03-10T11:30:57.194892
10939,2601192,,2026-02-27,,,975.0,ready,2026-02-28 00:40:36,2026-02-28 00:40:36,,,,,2026-03-10T11:30:57.194892
10940,2601193,,2026-02-27,,,151.0,ready,2026-02-28 00:40:37,2026-02-28 00:40:37,,,,,2026-03-10T11:30:57.194892
10941,2601194,,2026-02-27,,,57.0,ready,2026-02-28 00:40:38,2026-02-28 00:40:38,,,,,2026-03-10T11:30:57.194892
10942,2601195,,2026-02-27,,,43.0,ready,2026-02-28 00:40:39,2026-02-28 00:40:39,,,,,2026-03-10T11:30:57.194892
10943,2601196,,2026-02-27,,,767.0,ready,2026-02-28 00:40:40,2026-02-28 00:40:40,,,,,2026-03-10T11:30:57.194892
10944,2601197,,2026-02-27,,,472.5,ready,2026-02-28 00:40:40,2026-02-28 00:40:40,,,,,2026-03-10T11:30:57.194892
10945,2601198,,2026-02-27,,,1000.1,ready,2026-02-28 00:40:41,2026-02-28 00:40:42,,,,,2026-03-10T11:30:57.194892
10946,2601199,,2026-02-27,,,186.0,ready,2026-02-28 00:40:43,2026-02-28 00:40:43,,,,,2026-03-10T11:30:57.585535
10947,2601200,,2026-02-27,,,58.0,ready,2026-02-28 00:40:44,2026-02-28 00:40:44,,,,,2026-03-10T11:30:57.585535
10948,2601201,,2026-02-27,,,108.0,ready,2026-02-28 00:40:44,2026-02-28 00:40:44,,,,,2026-03-10T11:30:57.585535
10949,2601202,,2026-02-27,,,48.8,ready,2026-02-28 00:40:45,2026-02-28 00:40:45,,,,,2026-03-10T11:30:57.585535
10950,2601203,,2026-02-27,,,181.5,ready,2026-02-28 00:40:46,2026-02-28 00:40:46,,,,,2026-03-10T11:30:57.585535
10951,2601204,,2026-02-27,,,108.0,ready,2026-02-28 00:40:47,2026-02-28 00:40:47,,,,,2026-03-10T11:30:57.585535
10952,2601205,,2026-02-27,,,1510.0,ready,2026-02-28 00:40:48,2026-02-28 00:40:48,,,,,2026-03-10T11:30:57.585535
10953,2601206,,2026-02-27,,,36.0,ready,2026-02-28 00:40:49,2026-02-28 00:40:49,,,,,2026-03-10T11:30:57.585535
10954,2601207,,2026-02-27,,,14.75,ready,2026-02-28 00:40:49,2026-02-28 00:40:49,,,,,2026-03-10T11:30:57.585535
10955,2601208,,2026-02-27,,,84.0,ready,2026-02-28 00:40:50,2026-02-28 00:40:50,,,,,2026-03-10T11:30:57.585535
10956,2601209,,2026-02-27,,,56.0,ready,2026-02-28 00:40:51,2026-02-28 00:40:51,,,,,2026-03-10T11:30:57.585535
10957,2601210,,2026-02-27,,,56.0,ready,2026-02-28 00:40:51,2026-02-28 00:40:51,,,,,2026-03-10T11:30:57.585535
10958,2601211,,2026-02-27,,,56.0,ready,2026-02-28 00:40:52,2026-02-28 00:40:52,,,,,2026-03-10T11:30:57.585535
10959,2601212,,2026-02-27,,,84.0,ready,2026-02-28 00:40:53,2026-02-28 00:40:53,,,,,2026-03-10T11:30:57.585535
10960,2601213,,2026-02-27,,,2080.0,ready,2026-02-28 00:40:53,2026-02-28 00:40:54,,,,,2026-03-10T11:30:57.585535
10961,2601214,,2026-02-27,,,4323.0,ready,2026-02-28 00:40:55,2026-02-28 00:40:55,,,,,2026-03-10T11:30:57.585535
10962,2601215,,2026-02-27,,,6723.5,ready,2026-02-28 00:40:56,2026-02-28 00:40:57,,,,,2026-03-10T11:30:57.585535
10963,2601216,,2026-02-27,,,190.0,ready,2026-02-28 00:40:58,2026-02-28 00:40:58,,,,,2026-03-10T11:30:57.585535
10964,2601217,,2026-02-27,,,271.0,ready,2026-02-28 00:40:59,2026-02-28 00:40:59,,,,,2026-03-10T11:30:57.585535
10965,2601218,,2026-02-27,,,16452.25,ready,2026-02-28 00:41:00,2026-02-28 00:41:01,,,,,2026-03-10T11:30:57.585535
10966,2601219,,2026-02-27,,,2370.5,ready,2026-02-28 00:41:02,2026-02-28 00:41:03,,,,,2026-03-10T11:30:57.585535
10967,2601220,,2026-02-27,,,180.0,ready,2026-02-28 00:41:04,2026-02-28 00:41:04,,,,,2026-03-10T11:30:57.585535
10968,2601221,,2026-02-27,,,56.0,ready,2026-02-28 00:41:04,2026-02-28 00:41:04,,,,,2026-03-10T11:30:57.585535
10969,2601222,,2026-02-27,,,313.0,ready,2026-02-28 00:41:05,2026-02-28 00:41:05,,,,,2026-03-10T11:30:57.585535
10970,2601223,,2026-02-27,,,270.0,ready,2026-02-28 00:41:06,2026-02-28 00:41:06,,,,,2026-03-10T11:30:57.585535
10971,2601224,,2026-02-27,,,180.0,ready,2026-02-28 00:41:07,2026-02-28 00:41:07,,,,,2026-03-10T11:30:57.585535
10972,2601225,,2026-02-27,,,515.0,ready,2026-02-28 00:41:07,2026-02-28 00:41:07,,,,,2026-03-10T11:30:57.585535
10973,2601226,,2026-02-27,,,84.0,ready,2026-02-28 00:41:08,2026-02-28 00:41:08,,,,,2026-03-10T11:30:57.585535
10974,2601227,,2026-02-27,,,590.0,ready,2026-02-28 00:41:09,2026-02-28 00:41:09,,,,,2026-03-10T11:30:57.585535
10975,2601228,,2026-02-27,,,1335.0,ready,2026-02-28 00:41:09,2026-02-28 00:41:09,,,,,2026-03-10T11:30:57.585535
10976,SB77058,,2026-02-27,,,84.0,ready,2026-02-28 00:41:40,2026-02-28 00:41:40,,,,,2026-03-10T11:30:57.585535
10977,TJ22231,,2026-02-27,,,63.6,ready,2026-02-28 00:41:41,2026-02-28 00:41:41,,,,,2026-03-10T11:30:57.585535
10822,2601090,,2026-02-26,,,1436.0,ready,2026-02-27 00:39:24,2026-02-27 00:39:24,,,,,2026-03-10T11:30:56.733344
10823,2601091,,2026-02-26,,,493.0,ready,2026-02-27 00:39:25,2026-02-27 00:39:25,,,,,2026-03-10T11:30:56.733344
10824,2601092,,2026-02-26,,,792.0,ready,2026-02-27 00:39:26,2026-02-27 00:39:26,,,,,2026-03-10T11:30:56.733344
10825,2601093,,2026-02-26,,,25.8,ready,2026-02-27 00:39:27,2026-02-27 00:39:27,,,,,2026-03-10T11:30:56.733344
10826,2601094,,2026-02-26,,,328.0,ready,2026-02-27 00:39:28,2026-02-27 00:39:28,,,,,2026-03-10T11:30:56.733344
10827,2601095,,2026-02-26,,,1236.0,ready,2026-02-27 00:39:29,2026-02-27 00:39:29,,,,,2026-03-10T11:30:56.733344
10828,2601096,,2026-02-26,,,169.5,ready,2026-02-27 00:39:29,2026-02-27 00:39:30,,,,,2026-03-10T11:30:56.733344
10829,2601097,,2026-02-26,,,328.0,ready,2026-02-27 00:39:30,2026-02-27 00:39:31,,,,,2026-03-10T11:30:56.733344
10830,2601098,,2026-02-26,,,523.0,ready,2026-02-27 00:39:31,2026-02-27 00:39:31,,,,,2026-03-10T11:30:56.733344
10831,2601099,,2026-02-26,,,610.0,ready,2026-02-27 00:39:32,2026-02-27 00:39:32,,,,,2026-03-10T11:30:57.194892
10832,2601100,,2026-02-26,,,2496.0,ready,2026-02-27 00:39:33,2026-02-27 00:39:34,,,,,2026-03-10T11:30:57.194892
10833,2601101,,2026-02-26,,,2536.0,ready,2026-02-27 00:39:35,2026-02-27 00:39:35,,,,,2026-03-10T11:30:57.194892
10834,2601102,,2026-02-26,,,1193.0,ready,2026-02-27 00:39:36,2026-02-27 00:39:36,,,,,2026-03-10T11:30:57.194892
10835,2601103,,2026-02-26,,,722.5,ready,2026-02-27 00:39:37,2026-02-27 00:39:38,,,,,2026-03-10T11:30:57.194892
10836,2601104,,2026-02-26,,,17.2,ready,2026-02-27 00:39:39,2026-02-27 00:39:39,,,,,2026-03-10T11:30:57.194892
10837,2601105,,2026-02-26,,,1291.0,ready,2026-02-27 00:39:40,2026-02-27 00:39:40,,,,,2026-03-10T11:30:57.194892
10838,2601106,,2026-02-26,,,2239.25,ready,2026-02-27 00:39:41,2026-02-27 00:39:42,,,,,2026-03-10T11:30:57.194892
10839,2601107,,2026-02-26,,,460.2,ready,2026-02-27 00:39:43,2026-02-27 00:39:43,,,,,2026-03-10T11:30:57.194892
10840,2601108,,2026-02-26,,,4032.0,ready,2026-02-27 00:39:44,2026-02-27 00:39:44,,,,,2026-03-10T11:30:57.194892
10841,2601110,,2026-02-26,,,1961.0,ready,2026-02-27 00:39:46,2026-02-27 00:39:46,,,,,2026-03-10T11:30:57.194892
10842,2601111,,2026-02-26,,,187.59,ready,2026-02-27 00:39:47,2026-02-27 00:39:47,,,,,2026-03-10T11:30:57.194892
10843,2601112,,2026-02-26,,,215.91,ready,2026-02-27 00:39:47,2026-02-27 00:39:47,,,,,2026-03-10T11:30:57.194892
10844,2601113,,2026-02-26,,,222.59,ready,2026-02-27 00:39:48,2026-02-27 00:39:48,,,,,2026-03-10T11:30:57.194892
10845,2601114,,2026-02-26,,,222.59,ready,2026-02-27 00:39:49,2026-02-27 00:39:49,,,,,2026-03-10T11:30:57.194892
10846,2601115,,2026-02-26,,,187.59,ready,2026-02-27 00:39:49,2026-02-27 00:39:50,,,,,2026-03-10T11:30:57.194892
10847,2601116,,2026-02-26,,,355.0,ready,2026-02-27 00:39:50,2026-02-27 00:39:50,,,,,2026-03-10T11:30:57.194892
10848,2601117,,2026-02-26,,,576.0,ready,2026-02-27 00:39:51,2026-02-27 00:39:51,,,,,2026-03-10T11:30:57.194892
10849,2601118,,2026-02-26,,,434.0,ready,2026-02-27 00:39:52,2026-02-27 00:39:52,,,,,2026-03-10T11:30:57.194892
10850,2601119,,2026-02-26,,,445.0,ready,2026-02-27 00:39:52,2026-02-27 00:39:52,,,,,2026-03-10T11:30:57.194892
10851,2601120,,2026-02-26,,,337.0,ready,2026-02-27 00:39:53,2026-02-27 00:39:53,,,,,2026-03-10T11:30:57.194892
10852,2601121,,2026-02-26,,,248.0,ready,2026-02-27 00:39:54,2026-02-27 00:39:54,,,,,2026-03-10T11:30:57.194892
10853,SB76553,,2026-02-26,,,66.0,ready,2026-02-27 00:40:24,2026-03-04 17:13:12,,,,,2026-03-10T11:30:57.194892
10854,SB76555,,2026-02-26,,,48.0,ready,2026-02-27 00:40:25,2026-02-27 00:40:25,,,,,2026-03-10T11:30:57.194892
10855,TJ22230,,2026-02-26,,,63.6,ready,2026-02-27 00:40:25,2026-02-27 00:40:26,,,,,2026-03-10T11:30:57.194892
10771,2601055,,2026-02-25,,,593.0,ready,2026-02-26 00:40:41,2026-02-26 00:40:41,,,,,2026-03-10T11:30:56.733344
10772,2601056,,2026-02-25,,,770.0,ready,2026-02-26 00:40:42,2026-02-26 00:40:42,,,,,2026-03-10T11:30:56.733344
10773,2601057,,2026-02-25,,,114.0,ready,2026-02-26 00:40:43,2026-02-26 00:40:43,,,,,2026-03-10T11:30:56.733344
10774,2601058,,2026-02-25,,,4376.0,ready,2026-02-26 00:40:44,2026-02-26 00:40:44,,,,,2026-03-10T11:30:56.733344
10775,2601059,,2026-02-25,,,4092.0,ready,2026-02-26 00:40:46,2026-02-26 00:40:46,,,,,2026-03-10T11:30:56.733344
10776,2601060,,2026-02-25,,,814.5,ready,2026-02-26 00:40:48,2026-02-26 00:40:48,,,,,2026-03-10T11:30:56.733344
10777,2601061,,2026-02-25,,,1310.5,ready,2026-02-26 00:40:49,2026-02-26 00:40:50,,,,,2026-03-10T11:30:56.733344
10778,2601062,,2026-02-25,,,942.0,ready,2026-02-26 00:40:51,2026-02-26 00:40:51,,,,,2026-03-10T11:30:56.733344
10779,2601063,,2026-02-25,,,371.5,ready,2026-02-26 00:40:53,2026-02-26 00:40:53,,,,,2026-03-10T11:30:56.733344
10780,2601064,,2026-02-25,,,891.5,ready,2026-02-26 00:40:54,2026-02-26 00:40:54,,,,,2026-03-10T11:30:56.733344
10781,2601065,,2026-02-25,,,605.0,ready,2026-02-26 00:40:55,2026-02-26 00:40:56,,,,,2026-03-10T11:30:56.733344
10782,2601066,,2026-02-25,,,535.5,ready,2026-02-26 00:40:57,2026-02-26 00:40:57,,,,,2026-03-10T11:30:56.733344
10783,2601067,,2026-02-25,,,253.0,ready,2026-02-26 00:40:58,2026-02-26 00:40:59,,,,,2026-03-10T11:30:56.733344
10784,2601068,,2026-02-25,,,132.5,ready,2026-02-26 00:41:00,2026-02-26 00:41:00,,,,,2026-03-10T11:30:56.733344
10785,2601069,,2026-02-25,,,1588.5,ready,2026-02-26 00:41:01,2026-03-04 17:13:12,,,,,2026-03-10T11:30:56.733344
10786,2601070,,2026-02-25,,,218.5,ready,2026-02-26 00:41:02,2026-02-26 00:41:02,,,,,2026-03-10T11:30:56.733344
10787,2601071,,2026-02-25,,,397.5,ready,2026-02-26 00:41:03,2026-02-26 00:41:04,,,,,2026-03-10T11:30:56.733344
10788,2601072,,2026-02-25,,,349.0,ready,2026-02-26 00:41:05,2026-02-26 00:41:05,,,,,2026-03-10T11:30:56.733344
10789,2601073,,2026-02-25,,,6857.5,ready,2026-02-26 00:41:06,2026-02-26 00:41:06,,,,,2026-03-10T11:30:56.733344
10790,2601074,,2026-02-25,,,279.5,ready,2026-02-26 00:41:08,2026-02-26 00:41:08,,,,,2026-03-10T11:30:56.733344
10791,2601075,,2026-02-25,,,236.5,ready,2026-02-26 00:41:09,2026-02-26 00:41:10,,,,,2026-03-10T11:30:56.733344
10792,2601076,,2026-02-25,,,2415.0,ready,2026-02-26 00:41:11,2026-02-26 00:41:11,,,,,2026-03-10T11:30:56.733344
10793,2601077,,2026-02-25,,,354.5,ready,2026-02-26 00:41:13,2026-02-26 00:41:13,,,,,2026-03-10T11:30:56.733344
10794,2601078,,2026-02-25,,,805.5,ready,2026-02-26 00:41:14,2026-02-26 00:41:14,,,,,2026-03-10T11:30:56.733344
10795,2601079,,2026-02-25,,,461.0,ready,2026-02-26 00:41:15,2026-02-26 00:41:15,,,,,2026-03-10T11:30:56.733344
10796,2601080,,2026-02-25,,,910.0,ready,2026-02-26 00:41:16,2026-02-26 00:41:16,,,,,2026-03-10T11:30:56.733344
10797,2601081,,2026-02-25,,,2063.0,ready,2026-02-26 00:41:18,2026-02-26 00:41:18,,,,,2026-03-10T11:30:56.733344
10798,2601082,,2026-02-25,,,2220.0,ready,2026-02-26 00:41:19,2026-02-26 00:41:19,,,,,2026-03-10T11:30:56.733344
10799,2601083,,2026-02-25,,,2045.0,ready,2026-02-26 00:41:20,2026-02-26 00:41:20,,,,,2026-03-10T11:30:56.733344
10800,2601084,,2026-02-25,,,2384.0,ready,2026-02-26 00:41:21,2026-02-26 00:41:21,,,,,2026-03-10T11:30:56.733344
10801,2601085,,2026-02-25,,,780.0,ready,2026-02-26 00:41:22,2026-02-26 00:41:22,,,,,2026-03-10T11:30:56.733344
10802,2601086,,2026-02-25,,,2505.0,ready,2026-02-26 00:41:23,2026-02-26 00:41:23,,,,,2026-03-10T11:30:56.733344
10803,2601087,,2026-02-25,,,1300.0,ready,2026-02-26 00:41:24,2026-02-26 00:41:24,,,,,2026-03-10T11:30:56.733344
10804,2601088,,2026-02-25,,,4457.5,ready,2026-02-26 00:41:24,2026-02-26 00:41:24,,,,,2026-03-10T11:30:56.733344
10805,2601089,,2026-02-25,,,319.0,ready,2026-02-26 00:41:25,2026-02-26 00:41:25,,,,,2026-03-10T11:30:56.733344
10806,SB75846,,2026-02-25,,,48.0,ready,2026-02-26 00:41:54,2026-02-26 00:41:55,,,,,2026-03-10T11:30:56.733344
10743,2601034,,2026-02-24,,,972.0,ready,2026-02-25 00:40:21,2026-02-25 00:40:21,,,,,2026-03-10T11:30:56.733344
10744,2601035,,2026-02-24,,,1215.0,ready,2026-02-25 00:40:21,2026-02-25 00:40:22,,,,,2026-03-10T11:30:56.733344
10745,2601036,,2026-02-24,,,6236.6,ready,2026-02-25 00:40:22,2026-02-25 00:40:23,,,,,2026-03-10T11:30:56.733344
10746,2601037,,2026-02-24,,,616.0,ready,2026-02-25 00:40:24,2026-02-25 00:40:24,,,,,2026-03-10T11:30:56.733344
10747,2601038,,2026-02-24,,,984.0,ready,2026-02-25 00:40:26,2026-02-25 00:40:26,,,,,2026-03-10T11:30:56.733344
10748,2601039,,2026-02-24,,,224.0,ready,2026-02-25 00:40:27,2026-02-25 00:40:27,,,,,2026-03-10T11:30:56.733344
10749,2601040,,2026-02-24,,,112.0,ready,2026-02-25 00:40:27,2026-02-25 00:40:27,,,,,2026-03-10T11:30:56.733344
10750,2601041,,2026-02-24,,,1651.0,ready,2026-02-25 00:40:28,2026-02-25 00:40:29,,,,,2026-03-10T11:30:56.733344
10751,2601042,,2026-02-24,,,180.85,ready,2026-02-25 00:40:30,2026-02-25 00:40:30,,,,,2026-03-10T11:30:56.733344
10752,2601043,,2026-02-24,,,114.0,ready,2026-02-25 00:40:31,2026-02-25 00:40:31,,,,,2026-03-10T11:30:56.733344
10753,2601044,,2026-02-24,,,713.0,ready,2026-02-25 00:40:32,2026-02-25 00:40:32,,,,,2026-03-10T11:30:56.733344
10754,2601045,,2026-02-24,,,85.0,ready,2026-02-25 00:40:33,2026-02-25 00:40:33,,,,,2026-03-10T11:30:56.733344
10755,2601046,,2026-02-24,,,1531.5,ready,2026-02-25 00:40:34,2026-02-25 00:40:34,,,,,2026-03-10T11:30:56.733344
10756,2601047,,2026-02-24,,,1017.1,ready,2026-02-25 00:40:35,2026-02-25 00:40:35,,,,,2026-03-10T11:30:56.733344
10757,2601048,,2026-02-24,,,379.0,ready,2026-02-25 00:40:36,2026-02-25 00:40:36,,,,,2026-03-10T11:30:56.733344
10758,2601049,,2026-02-24,,,286.2,ready,2026-02-25 00:40:37,2026-02-25 00:40:37,,,,,2026-03-10T11:30:56.733344
10759,2601050,,2026-02-24,,,241.2,ready,2026-02-25 00:40:38,2026-02-25 00:40:38,,,,,2026-03-10T11:30:56.733344
10760,2601051,,2026-02-24,,,2210.0,ready,2026-02-25 00:40:38,2026-02-25 00:40:39,,,,,2026-03-10T11:30:56.733344
10761,2601052,,2026-02-24,,,1550.0,ready,2026-02-25 00:40:40,2026-02-25 00:40:40,,,,,2026-03-10T11:30:56.733344
10762,2601053,,2026-02-24,,,150.0,ready,2026-02-25 00:40:40,2026-02-25 00:40:41,,,,,2026-03-10T11:30:56.733344
10763,2601054,,2026-02-24,,,1825.0,ready,2026-02-25 00:40:41,2026-02-25 00:40:42,,,,,2026-03-10T11:30:56.733344
10764,SB76475,,2026-02-24,,,63.6,ready,2026-02-25 00:41:11,2026-02-25 00:41:11,,,,,2026-03-10T11:30:56.733344
10765,SB76557,,2026-02-24,,,60.0,ready,2026-02-25 00:41:12,2026-02-25 00:41:12,,,,,2026-03-10T11:30:56.733344
10766,TJ22229,,2026-02-24,,,63.6,ready,2026-02-25 00:41:12,2026-02-25 00:41:12,,,,,2026-03-10T11:30:56.733344
10697,2600993,,2026-02-23,,,2437.5,ready,2026-02-24 00:39:19,2026-02-24 00:39:19,,,,,2026-03-10T11:30:56.371795
10698,2600994,,2026-02-23,,,337.0,ready,2026-02-24 00:39:20,2026-02-24 00:39:20,,,,,2026-03-10T11:30:56.371795
10699,2600995,,2026-02-23,,,308.0,ready,2026-02-24 00:39:20,2026-02-24 00:39:21,,,,,2026-03-10T11:30:56.371795
10700,2600996,,2026-02-23,,,455.0,ready,2026-02-24 00:39:21,2026-02-24 00:39:21,,,,,2026-03-10T11:30:56.371795
10701,2600997,,2026-02-23,,,308.0,ready,2026-02-24 00:39:22,2026-02-24 00:39:22,,,,,2026-03-10T11:30:56.371795
10702,2600998,,2026-02-23,,,292.56,ready,2026-02-24 00:39:22,2026-02-24 00:39:22,,,,,2026-03-10T11:30:56.371795
10703,2600999,,2026-02-23,,,299.0,ready,2026-02-24 00:39:23,2026-02-24 00:39:23,,,,,2026-03-10T11:30:56.371795
10704,2601000,,2026-02-23,,,482.1,ready,2026-02-24 00:39:24,2026-02-24 00:39:24,,,,,2026-03-10T11:30:56.371795
10705,2601001,,2026-02-23,,,1204.0,ready,2026-02-24 00:39:24,2026-02-24 00:39:25,,,,,2026-03-10T11:30:56.371795
10706,2601002,,2026-02-23,,,108.5,ready,2026-02-24 00:39:26,2026-02-24 00:39:26,,,,,2026-03-10T11:30:56.733344
10707,2601003,,2026-02-23,,,8400.0,ready,2026-02-24 00:39:26,2026-02-24 00:39:26,,,,,2026-03-10T11:30:56.371795
10708,2601004,,2026-02-23,,,358.0,ready,2026-02-24 00:39:27,2026-02-24 00:39:27,,,,,2026-03-10T11:30:56.733344
10709,2601005,,2026-02-23,,,358.0,ready,2026-02-24 00:39:28,2026-02-24 00:39:28,,,,,2026-03-10T11:30:56.733344
10710,2601006,,2026-02-23,,,308.0,ready,2026-02-24 00:39:29,2026-02-24 00:39:29,,,,,2026-03-10T11:30:56.733344
10711,2601007,,2026-02-23,,,298.0,ready,2026-02-24 00:39:29,2026-02-24 00:39:29,,,,,2026-03-10T11:30:56.733344
10712,2601008,,2026-02-23,,,586.5,ready,2026-02-24 00:39:30,2026-02-24 00:39:30,,,,,2026-03-10T11:30:56.733344
10713,2601009,,2026-02-23,,,625.0,ready,2026-02-24 00:39:31,2026-02-24 00:39:31,,,,,2026-03-10T11:30:56.733344
10714,2601010,,2026-02-23,,,125.0,ready,2026-02-24 00:39:32,2026-03-04 17:13:11,,,,,2026-03-10T11:30:56.733344
10715,2601011,,2026-02-23,,,215.0,ready,2026-02-24 00:39:32,2026-03-04 17:13:12,,,,,2026-03-10T11:30:56.733344
10716,2601012,,2026-02-23,,,5001.0,ready,2026-02-24 00:39:33,2026-02-24 00:39:33,,,,,2026-03-10T11:30:56.733344
10717,2601013,,2026-02-23,,,3775.0,ready,2026-02-24 00:39:35,2026-02-24 00:39:35,,,,,2026-03-10T11:30:56.733344
10718,2601014,,2026-02-23,,,1220.5,ready,2026-02-24 00:39:36,2026-02-24 00:39:36,,,,,2026-03-10T11:30:56.733344
10719,2601015,,2026-02-23,,,880.0,ready,2026-02-24 00:39:37,2026-02-24 00:39:38,,,,,2026-03-10T11:30:56.733344
10720,2601016,,2026-02-23,,,2227.4,ready,2026-02-24 00:39:38,2026-02-24 00:39:39,,,,,2026-03-10T11:30:56.733344
10721,2601017,,2026-02-23,,,478.0,ready,2026-02-24 00:39:40,2026-02-24 00:39:40,,,,,2026-03-10T11:30:56.733344
10722,2601018,,2026-02-23,,,2361.5,ready,2026-02-24 00:39:41,2026-02-24 00:39:41,,,,,2026-03-10T11:30:56.733344
10723,2601019,,2026-02-23,,,240.0,ready,2026-02-24 00:39:42,2026-02-24 00:39:42,,,,,2026-03-10T11:30:56.733344
10724,2601020,,2026-02-23,,,1000.0,ready,2026-02-24 00:39:43,2026-02-24 00:39:43,,,,,2026-03-10T11:30:56.733344
10725,2601021,,2026-02-23,,,57.0,ready,2026-02-24 00:39:44,2026-02-24 00:39:44,,,,,2026-03-10T11:30:56.733344
10726,2601022,,2026-02-23,,,2329.0,ready,2026-02-24 00:39:44,2026-02-24 00:39:45,,,,,2026-03-10T11:30:56.733344
10727,2601023,,2026-02-23,,,880.0,ready,2026-02-24 00:39:46,2026-02-24 00:39:46,,,,,2026-03-10T11:30:56.733344
10728,2601024,,2026-02-23,,,880.0,ready,2026-02-24 00:39:47,2026-02-24 00:39:47,,,,,2026-03-10T11:30:56.733344
10729,2601025,,2026-02-23,,,254.0,ready,2026-02-24 00:39:48,2026-02-24 00:39:48,,,,,2026-03-10T11:30:56.733344
10730,2601026,,2026-02-23,,,3435.5,ready,2026-02-24 00:39:49,2026-02-24 00:39:49,,,,,2026-03-10T11:30:56.733344
10731,2601027,,2026-02-23,,,389.0,ready,2026-02-24 00:39:51,2026-02-24 00:39:51,,,,,2026-03-10T11:30:56.733344
10732,2601028,,2026-02-23,,,837.5,ready,2026-02-24 00:39:52,2026-02-24 00:39:52,,,,,2026-03-10T11:30:56.733344
10733,2601029,,2026-02-23,,,39.0,ready,2026-02-24 00:39:53,2026-02-24 00:39:53,,,,,2026-03-10T11:30:56.733344
10734,2601030,,2026-02-23,,,693.0,ready,2026-02-24 00:39:54,2026-02-24 00:39:54,,,,,2026-03-10T11:30:56.733344
10735,2601031,,2026-02-23,,,59.0,ready,2026-02-24 00:39:55,2026-02-24 00:39:55,,,,,2026-03-10T11:30:56.733344
10736,2601032,,2026-02-23,,,285.0,ready,2026-02-24 00:39:55,2026-02-24 00:39:56,,,,,2026-03-10T11:30:56.733344
10737,2601033,,2026-02-23,,,37.0,ready,2026-02-24 00:39:56,2026-02-24 00:39:56,,,,,2026-03-10T11:30:56.733344
10679,2600991,,2026-02-13,,,2045.0,ready,2026-02-14 00:39:01,2026-02-14 00:39:01,,,,,2026-03-10T11:30:56.371795
10680,2600992,,2026-02-13,,,298.5,ready,2026-02-14 00:39:02,2026-02-14 00:39:03,,,,,2026-03-10T11:30:56.371795
10619,2600973,,2026-02-12,,,602.0,ready,2026-02-12 00:39:22,2026-02-12 00:39:22,,,,,2026-03-10T11:30:56.371795
10620,2600974,,2026-02-12,,,214.0,ready,2026-02-12 00:39:22,2026-02-12 00:39:22,,,,,2026-03-10T11:30:56.371795
10648,2600978,,2026-02-12,,,1017.0,ready,2026-02-13 00:39:00,2026-02-13 00:39:00,,,,,2026-03-10T11:30:56.371795
10649,2600979,,2026-02-12,,,301.76,ready,2026-02-13 00:39:01,2026-02-13 00:39:01,,,,,2026-03-10T11:30:56.371795
10650,2600980,,2026-02-12,,,362.0,ready,2026-02-13 00:39:01,2026-02-13 00:39:01,,,,,2026-03-10T11:30:56.371795
10651,2600981,,2026-02-12,,,4648.0,ready,2026-02-13 00:39:02,2026-02-13 00:39:02,,,,,2026-03-10T11:30:56.371795
10652,2600982,,2026-02-12,,,129.0,ready,2026-02-13 00:39:03,2026-02-13 00:39:03,,,,,2026-03-10T11:30:56.371795
10653,2600983,,2026-02-12,,,280.0,ready,2026-02-13 00:39:04,2026-02-13 00:39:04,,,,,2026-03-10T11:30:56.371795
10654,2600984,,2026-02-12,,,703.5,ready,2026-02-13 00:39:05,2026-02-13 00:39:05,,,,,2026-03-10T11:30:56.371795
10655,2600985,,2026-02-12,,,48.0,ready,2026-02-13 00:39:06,2026-02-13 00:39:06,,,,,2026-03-10T11:30:56.371795
10656,2600986,,2026-02-12,,,2747.0,ready,2026-02-13 00:39:07,2026-02-13 00:39:07,,,,,2026-03-10T11:30:56.371795
10657,2600987,,2026-02-12,,,466.0,ready,2026-02-13 00:39:08,2026-02-13 00:39:08,,,,,2026-03-10T11:30:56.371795
10658,2600988,,2026-02-12,,,2085.0,ready,2026-02-13 00:39:09,2026-02-13 00:39:09,,,,,2026-03-10T11:30:56.371795
10659,2600989,,2026-02-12,,,880.0,ready,2026-02-13 00:39:10,2026-02-13 00:39:10,,,,,2026-03-10T11:30:56.371795
10660,2600990,,2026-02-12,,,95.75,ready,2026-02-13 00:39:11,2026-02-13 00:39:11,,,,,2026-03-10T11:30:56.371795
10661,SB76418,,2026-02-12,,,120.0,ready,2026-02-13 00:39:40,2026-02-13 00:39:40,,,,,2026-03-10T11:30:56.371795
10662,SB76556,,2026-02-12,,,100.0,ready,2026-02-13 00:39:41,2026-02-13 00:39:41,,,,,2026-03-10T11:30:56.371795
10581,2600952,,2026-02-11,,,211.5,ready,2026-02-11 00:39:56,2026-02-11 00:39:57,,,,,2026-03-10T11:30:56.371795
10582,2600953,,2026-02-11,,,125.0,ready,2026-02-11 00:39:58,2026-02-11 00:39:58,,,,,2026-03-10T11:30:56.371795
10583,2600954,,2026-02-11,,,598.0,ready,2026-02-11 00:39:58,2026-02-11 00:39:58,,,,,2026-03-10T11:30:56.371795
10584,2600955,,2026-02-11,,,1616.0,ready,2026-02-11 00:39:59,2026-02-11 00:39:59,,,,,2026-03-10T11:30:56.371795
10585,2600956,,2026-02-11,,,214.0,ready,2026-02-11 00:40:00,2026-02-11 00:40:00,,,,,2026-03-10T11:30:56.371795
10605,2600959,,2026-02-11,,,1500.0,ready,2026-02-12 00:39:08,2026-02-12 00:39:08,,,,,2026-03-10T11:30:56.371795
10606,2600960,,2026-02-11,,,295.0,ready,2026-02-12 00:39:09,2026-02-12 00:39:09,,,,,2026-03-10T11:30:56.371795
10607,2600961,,2026-02-11,,,348.0,ready,2026-02-12 00:39:10,2026-02-12 00:39:10,,,,,2026-03-10T11:30:56.371795
10608,2600962,,2026-02-11,,,547.0,ready,2026-02-12 00:39:11,2026-02-12 00:39:11,,,,,2026-03-10T11:30:56.371795
10609,2600963,,2026-02-11,,,959.0,ready,2026-02-12 00:39:11,2026-02-12 00:39:12,,,,,2026-03-10T11:30:56.371795
10610,2600964,,2026-02-11,,,3002.0,ready,2026-02-12 00:39:13,2026-02-12 00:39:13,,,,,2026-03-10T11:30:56.371795
10611,2600965,,2026-02-11,,,639.6,ready,2026-02-12 00:39:14,2026-02-12 00:39:14,,,,,2026-03-10T11:30:56.371795
10612,2600966,,2026-02-11,,,5316.0,ready,2026-02-12 00:39:15,2026-02-12 00:39:15,,,,,2026-03-10T11:30:56.371795
10613,2600967,,2026-02-11,,,784.5,ready,2026-02-12 00:39:17,2026-02-12 00:39:17,,,,,2026-03-10T11:30:56.371795
10614,2600968,,2026-02-11,,,428.0,ready,2026-02-12 00:39:18,2026-02-12 00:39:18,,,,,2026-03-10T11:30:56.371795
10615,2600969,,2026-02-11,,,308.0,ready,2026-02-12 00:39:19,2026-02-12 00:39:19,,,,,2026-03-10T11:30:56.371795
10616,2600970,,2026-02-11,,,308.0,ready,2026-02-12 00:39:20,2026-02-12 00:39:20,,,,,2026-03-10T11:30:56.371795
10617,2600971,,2026-02-11,,,308.0,ready,2026-02-12 00:39:20,2026-02-12 00:39:20,,,,,2026-03-10T11:30:56.371795
10618,2600972,,2026-02-11,,,222.59,ready,2026-02-12 00:39:21,2026-02-12 00:39:21,,,,,2026-03-10T11:30:56.371795
10621,2600975,,2026-02-11,,,222.59,ready,2026-02-12 00:39:23,2026-02-12 00:39:23,,,,,2026-03-10T11:30:56.371795
10622,2600976,,2026-02-11,,,397.57,ready,2026-02-12 00:39:24,2026-02-12 00:39:24,,,,,2026-03-10T11:30:56.371795
10623,2600977,,2026-02-11,,,222.59,ready,2026-02-12 00:39:24,2026-02-12 00:39:24,,,,,2026-03-10T11:30:56.371795
10542,2600913,,2026-02-10,,,7254.0,ready,2026-02-11 00:39:19,2026-02-11 00:39:19,,,,,2026-03-10T11:30:56.371795
10543,2600914,,2026-02-10,,,5.0,ready,2026-02-11 00:39:20,2026-02-11 00:39:20,,,,,2026-03-10T11:30:56.371795
10544,2600915,,2026-02-10,,,101.0,ready,2026-02-11 00:39:21,2026-02-11 00:39:21,,,,,2026-03-10T11:30:56.371795
10545,2600916,,2026-02-10,,,1831.0,ready,2026-02-11 00:39:21,2026-02-11 00:39:22,,,,,2026-03-10T11:30:56.371795
10546,2600917,,2026-02-10,,,492.0,ready,2026-02-11 00:39:23,2026-02-11 00:39:23,,,,,2026-03-10T11:30:56.371795
10547,2600918,,2026-02-10,,,1046.0,ready,2026-02-11 00:39:24,2026-02-11 00:39:24,,,,,2026-03-10T11:30:56.371795
10548,2600919,,2026-02-10,,,919.0,ready,2026-02-11 00:39:25,2026-02-11 00:39:25,,,,,2026-03-10T11:30:56.371795
10549,2600920,,2026-02-10,,,1760.0,ready,2026-02-11 00:39:26,2026-02-11 00:39:26,,,,,2026-03-10T11:30:56.371795
10550,2600921,,2026-02-10,,,1760.0,ready,2026-02-11 00:39:27,2026-02-11 00:39:27,,,,,2026-03-10T11:30:56.371795
10551,2600922,,2026-02-10,,,1929.0,ready,2026-02-11 00:39:28,2026-02-11 00:39:28,,,,,2026-03-10T11:30:56.371795
10552,2600923,,2026-02-10,,,492.0,ready,2026-02-11 00:39:29,2026-02-11 00:39:29,,,,,2026-03-10T11:30:56.371795
10553,2600924,,2026-02-10,,,3379.0,ready,2026-02-11 00:39:30,2026-02-11 00:39:30,,,,,2026-03-10T11:30:56.371795
10554,2600925,,2026-02-10,,,420.0,ready,2026-02-11 00:39:31,2026-02-11 00:39:31,,,,,2026-03-10T11:30:56.371795
10555,2600926,,2026-02-10,,,648.0,ready,2026-02-11 00:39:31,2026-02-11 00:39:32,,,,,2026-03-10T11:30:56.371795
10556,2600927,,2026-02-10,,,1021.44,ready,2026-02-11 00:39:32,2026-02-11 00:39:32,,,,,2026-03-10T11:30:56.371795
10557,2600928,,2026-02-10,,,580.0,ready,2026-02-11 00:39:33,2026-02-11 00:39:33,,,,,2026-03-10T11:30:56.371795
10558,2600929,,2026-02-10,,,638.0,ready,2026-02-11 00:39:34,2026-02-11 00:39:34,,,,,2026-03-10T11:30:56.371795
10559,2600930,,2026-02-10,,,1718.0,ready,2026-02-11 00:39:35,2026-02-11 00:39:35,,,,,2026-03-10T11:30:56.371795
10560,2600931,,2026-02-10,,,728.5,ready,2026-02-11 00:39:36,2026-02-11 00:39:36,,,,,2026-03-10T11:30:56.371795
10561,2600932,,2026-02-10,,,390.0,ready,2026-02-11 00:39:37,2026-02-11 00:39:37,,,,,2026-03-10T11:30:56.371795
10562,2600933,,2026-02-10,,,81.0,ready,2026-02-11 00:39:38,2026-02-11 00:39:38,,,,,2026-03-10T11:30:56.371795
10563,2600934,,2026-02-10,,,1219.0,ready,2026-02-11 00:39:38,2026-02-11 00:39:39,,,,,2026-03-10T11:30:56.371795
10564,2600935,,2026-02-10,,,1370.0,ready,2026-02-11 00:39:40,2026-02-11 00:39:40,,,,,2026-03-10T11:30:56.371795
10565,2600936,,2026-02-10,,,2416.0,ready,2026-02-11 00:39:41,2026-02-11 00:39:41,,,,,2026-03-10T11:30:56.371795
10566,2600937,,2026-02-10,,,3189.0,ready,2026-02-11 00:39:42,2026-02-11 00:39:42,,,,,2026-03-10T11:30:56.371795
10567,2600938,,2026-02-10,,,1016.0,ready,2026-02-11 00:39:44,2026-02-11 00:39:44,,,,,2026-03-10T11:30:56.371795
10568,2600939,,2026-02-10,,,880.0,ready,2026-02-11 00:39:45,2026-02-11 00:39:45,,,,,2026-03-10T11:30:56.371795
10569,2600940,,2026-02-10,,,328.0,ready,2026-02-11 00:39:46,2026-02-11 00:39:46,,,,,2026-03-10T11:30:56.371795
10570,2600941,,2026-02-10,,,4155.0,ready,2026-02-11 00:39:46,2026-02-11 00:39:46,,,,,2026-03-10T11:30:56.371795
10571,2600942,,2026-02-10,,,78.0,ready,2026-02-11 00:39:47,2026-02-11 00:39:47,,,,,2026-03-10T11:30:56.371795
10572,2600943,,2026-02-10,,,308.0,ready,2026-02-11 00:39:48,2026-02-11 00:39:48,,,,,2026-03-10T11:30:56.371795
10573,2600944,,2026-02-10,,,308.0,ready,2026-02-11 00:39:49,2026-02-11 00:39:49,,,,,2026-03-10T11:30:56.371795
10574,2600945,,2026-02-10,,,222.59,ready,2026-02-11 00:39:49,2026-02-11 00:39:49,,,,,2026-03-10T11:30:56.371795
10575,2600946,,2026-02-10,,,187.59,ready,2026-02-11 00:39:50,2026-02-11 00:39:50,,,,,2026-03-10T11:30:56.371795
10576,2600947,,2026-02-10,,,3240.0,ready,2026-02-11 00:39:51,2026-02-11 00:39:51,,,,,2026-03-10T11:30:56.371795
10577,2600948,,2026-02-10,,,475.0,ready,2026-02-11 00:39:52,2026-02-11 00:39:52,,,,,2026-03-10T11:30:56.371795
10578,2600949,,2026-02-10,,,151.0,ready,2026-02-11 00:39:53,2026-02-11 00:39:53,,,,,2026-03-10T11:30:56.371795
10579,2600950,,2026-02-10,,,517.0,ready,2026-02-11 00:39:54,2026-02-11 00:39:54,,,,,2026-03-10T11:30:56.371795
10580,2600951,,2026-02-10,,,107.5,ready,2026-02-11 00:39:55,2026-02-11 00:39:56,,,,,2026-03-10T11:30:56.371795
10586,2600957,,2026-02-10,,,298.0,ready,2026-02-11 00:40:01,2026-02-11 00:40:01,,,,,2026-03-10T11:30:56.371795
10587,2600958,,2026-02-10,,,222.59,ready,2026-02-11 00:40:01,2026-02-11 00:40:01,,,,,2026-03-10T11:30:56.371795
10588,SB76468,,2026-02-10,,,57.6,ready,2026-02-11 00:40:31,2026-02-11 00:40:31,,,,,2026-03-10T11:30:56.371795
10402,2600806,,2026-02-09,,,358.0,ready,2026-02-10 00:40:09,2026-02-10 00:40:09,,,,,2026-03-10T11:30:55.927371
10403,2600807,,2026-02-09,,,2272.0,ready,2026-02-10 00:40:10,2026-02-10 00:40:10,,,,,2026-03-10T11:30:55.927371
10404,2600808,,2026-02-09,,,880.0,ready,2026-02-10 00:40:11,2026-02-10 00:40:12,,,,,2026-03-10T11:30:55.927371
10405,2600809,,2026-02-09,,,880.0,ready,2026-02-10 00:40:12,2026-02-10 00:40:13,,,,,2026-03-10T11:30:55.927371
10406,2600810,,2026-02-09,,,79.5,ready,2026-02-10 00:40:13,2026-02-10 00:40:14,,,,,2026-03-10T11:30:55.927371
10407,2600811,,2026-02-09,,,590.0,ready,2026-02-10 00:40:14,2026-02-10 00:40:14,,,,,2026-03-10T11:30:55.927371
10408,2600812,,2026-02-09,,,439.0,ready,2026-02-10 00:40:15,2026-02-10 00:40:15,,,,,2026-03-10T11:30:55.927371
10409,2600813,,2026-02-09,,,1328.67,ready,2026-02-10 00:40:16,2026-02-10 00:40:16,,,,,2026-03-10T11:30:55.927371
10410,2600814,,2026-02-09,,,1760.0,ready,2026-02-10 00:40:17,2026-02-10 00:40:17,,,,,2026-03-10T11:30:55.927371
10411,2600815,,2026-02-09,,,2410.0,ready,2026-02-10 00:40:18,2026-02-10 00:40:18,,,,,2026-03-10T11:30:55.927371
10412,2600816,,2026-02-09,,,4170.0,ready,2026-02-10 00:40:19,2026-02-10 00:40:19,,,,,2026-03-10T11:30:55.927371
10413,2600817,,2026-02-09,,,418.0,ready,2026-02-10 00:40:20,2026-02-10 00:40:21,,,,,2026-03-10T11:30:55.927371
10414,2600818,,2026-02-09,,,294.0,ready,2026-02-10 00:40:21,2026-02-10 00:40:21,,,,,2026-03-10T11:30:55.927371
10415,2600819,,2026-02-09,,,222.59,ready,2026-02-10 00:40:22,2026-02-10 00:40:22,,,,,2026-03-10T11:30:55.927371
10416,2600820,,2026-02-09,,,222.59,ready,2026-02-10 00:40:23,2026-02-10 00:40:23,,,,,2026-03-10T11:30:55.927371
10417,2600821,,2026-02-09,,,187.59,ready,2026-02-10 00:40:23,2026-02-10 00:40:23,,,,,2026-03-10T11:30:55.927371
10418,2600822,,2026-02-09,,,222.59,ready,2026-02-10 00:40:24,2026-02-10 00:40:24,,,,,2026-03-10T11:30:55.927371
10419,2600823,,2026-02-09,,,187.59,ready,2026-02-10 00:40:25,2026-02-10 00:40:25,,,,,2026-03-10T11:30:55.927371
10420,2600824,,2026-02-09,,,187.59,ready,2026-02-10 00:40:25,2026-02-10 00:40:25,,,,,2026-03-10T11:30:55.927371
10421,2600825,,2026-02-09,,,222.59,ready,2026-02-10 00:40:26,2026-02-10 00:40:26,,,,,2026-03-10T11:30:55.927371
10422,2600826,,2026-02-09,,,222.59,ready,2026-02-10 00:40:27,2026-02-10 00:40:27,,,,,2026-03-10T11:30:55.927371
10423,2600827,,2026-02-09,,,308.0,ready,2026-02-10 00:40:27,2026-02-10 00:40:27,,,,,2026-03-10T11:30:55.927371
10424,2600828,,2026-02-09,,,246.56,ready,2026-02-10 00:40:28,2026-02-10 00:40:28,,,,,2026-03-10T11:30:55.927371
10425,2600829,,2026-02-09,,,301.76,ready,2026-02-10 00:40:29,2026-02-10 00:40:29,,,,,2026-03-10T11:30:55.927371
10426,2600830,,2026-02-09,,,529.0,ready,2026-02-10 00:40:29,2026-02-10 00:40:29,,,,,2026-03-10T11:30:55.927371
10427,2600831,,2026-02-09,,,379.0,ready,2026-02-10 00:40:30,2026-02-10 00:40:30,,,,,2026-03-10T11:30:55.927371
10428,2600832,,2026-02-09,,,308.0,ready,2026-02-10 00:40:31,2026-02-10 00:40:31,,,,,2026-03-10T11:30:55.927371
10429,2600833,,2026-02-09,,,187.59,ready,2026-02-10 00:40:31,2026-02-10 00:40:31,,,,,2026-03-10T11:30:55.927371
10430,2600834,,2026-02-09,,,1869.0,ready,2026-02-10 00:40:32,2026-02-10 00:40:33,,,,,2026-03-10T11:30:55.927371
10431,2600835,,2026-02-09,,,38.0,ready,2026-02-10 00:40:34,2026-02-10 00:40:34,,,,,2026-03-10T11:30:55.927371
10432,2600836,,2026-02-09,,,880.0,ready,2026-02-10 00:40:35,2026-02-10 00:40:35,,,,,2026-03-10T11:30:55.927371
10433,2600837,,2026-02-09,,,880.0,ready,2026-02-10 00:40:36,2026-02-10 00:40:36,,,,,2026-03-10T11:30:55.927371
10434,2600838,,2026-02-09,,,880.0,ready,2026-02-10 00:40:37,2026-02-10 00:40:37,,,,,2026-03-10T11:30:55.927371
10435,2600839,,2026-02-09,,,701.0,ready,2026-02-10 00:40:38,2026-02-10 00:40:38,,,,,2026-03-10T11:30:55.927371
10436,2600840,,2026-02-09,,,522.0,ready,2026-02-10 00:40:39,2026-02-10 00:40:39,,,,,2026-03-10T11:30:55.927371
10437,2600841,,2026-02-09,,,701.0,ready,2026-02-10 00:40:40,2026-02-10 00:40:40,,,,,2026-03-10T11:30:55.927371
10438,2600842,,2026-02-09,,,701.0,ready,2026-02-10 00:40:41,2026-02-10 00:40:41,,,,,2026-03-10T11:30:55.927371
10439,2600843,,2026-02-09,,,722.0,ready,2026-02-10 00:40:42,2026-02-10 00:40:42,,,,,2026-03-10T11:30:55.927371
10440,2600844,,2026-02-09,,,701.0,ready,2026-02-10 00:40:43,2026-02-10 00:40:43,,,,,2026-03-10T11:30:55.927371
10441,2600845,,2026-02-09,,,13.0,ready,2026-02-10 00:40:43,2026-02-10 00:40:44,,,,,2026-03-10T11:30:55.927371
10442,2600846,,2026-02-09,,,370.0,ready,2026-02-10 00:40:44,2026-02-10 00:40:44,,,,,2026-03-10T11:30:55.927371
10443,2600847,,2026-02-09,,,3971.0,ready,2026-02-10 00:40:45,2026-02-10 00:40:45,,,,,2026-03-10T11:30:55.927371
10444,2600848,,2026-02-09,,,1760.0,ready,2026-02-10 00:40:47,2026-02-10 00:40:47,,,,,2026-03-10T11:30:55.927371
10445,2600849,,2026-02-09,,,1578.7,ready,2026-02-10 00:40:48,2026-02-10 00:40:48,,,,,2026-03-10T11:30:55.927371
10446,2600850,,2026-02-09,,,2216.0,ready,2026-02-10 00:40:49,2026-02-10 00:40:49,,,,,2026-03-10T11:30:55.927371
10447,2600851,,2026-02-09,,,867.0,ready,2026-02-10 00:40:50,2026-02-10 00:40:50,,,,,2026-03-10T11:30:55.927371
10448,2600852,,2026-02-09,,,1808.4,ready,2026-02-10 00:40:51,2026-02-10 00:40:51,,,,,2026-03-10T11:30:55.927371
10449,2600853,,2026-02-09,,,880.0,ready,2026-02-10 00:40:53,2026-02-10 00:40:53,,,,,2026-03-10T11:30:55.927371
10450,2600854,,2026-02-09,,,880.0,ready,2026-02-10 00:40:54,2026-02-10 00:40:54,,,,,2026-03-10T11:30:55.927371
10451,2600855,,2026-02-09,,,2006.0,ready,2026-02-10 00:40:55,2026-02-10 00:40:55,,,,,2026-03-10T11:30:55.927371
10452,2600856,,2026-02-09,,,880.0,ready,2026-02-10 00:40:56,2026-02-10 00:40:56,,,,,2026-03-10T11:30:55.927371
10453,2600857,,2026-02-09,,,880.0,ready,2026-02-10 00:40:57,2026-02-10 00:40:57,,,,,2026-03-10T11:30:55.927371
10454,2600858,,2026-02-09,,,880.0,ready,2026-02-10 00:40:58,2026-02-10 00:40:58,,,,,2026-03-10T11:30:55.927371
10455,2600859,,2026-02-09,,,631.0,ready,2026-02-10 00:40:59,2026-02-10 00:40:59,,,,,2026-03-10T11:30:55.927371
10456,2600860,,2026-02-09,,,1000.0,ready,2026-02-10 00:41:00,2026-02-10 00:41:01,,,,,2026-03-10T11:30:55.927371
10457,2600861,,2026-02-09,,,215.0,ready,2026-02-10 00:41:01,2026-02-10 00:41:02,,,,,2026-03-10T11:30:55.927371
10458,2600862,,2026-02-09,,,254.0,ready,2026-02-10 00:41:02,2026-02-10 00:41:02,,,,,2026-03-10T11:30:55.927371
10459,2600863,,2026-02-09,,,1759.0,ready,2026-02-10 00:41:03,2026-02-10 00:41:03,,,,,2026-03-10T11:30:55.927371
10460,2600864,,2026-02-09,,,880.0,ready,2026-02-10 00:41:04,2026-02-10 00:41:04,,,,,2026-03-10T11:30:55.927371
10461,2600865,,2026-02-09,,,880.0,ready,2026-02-10 00:41:05,2026-03-04 17:13:11,,,,,2026-03-10T11:30:55.927371
10462,2600866,,2026-02-09,,,1596.0,ready,2026-02-10 00:41:06,2026-02-10 00:41:06,,,,,2026-03-10T11:30:55.927371
10463,2600867,,2026-02-09,,,522.0,ready,2026-02-10 00:41:07,2026-02-10 00:41:07,,,,,2026-03-10T11:30:55.927371
10464,2600868,,2026-02-09,,,880.0,ready,2026-02-10 00:41:08,2026-02-10 00:41:08,,,,,2026-03-10T11:30:55.927371
10465,2600869,,2026-02-09,,,522.0,ready,2026-02-10 00:41:09,2026-02-10 00:41:09,,,,,2026-03-10T11:30:55.927371
10466,2600870,,2026-02-09,,,224.0,ready,2026-02-10 00:41:10,2026-02-10 00:41:10,,,,,2026-03-10T11:30:55.927371
10467,2600871,,2026-02-09,,,1179.0,ready,2026-02-10 00:41:10,2026-02-10 00:41:11,,,,,2026-03-10T11:30:55.927371
10468,2600872,,2026-02-09,,,358.0,ready,2026-02-10 00:41:11,2026-02-10 00:41:12,,,,,2026-03-10T11:30:55.927371
10469,2600873,,2026-02-09,,,2422.0,ready,2026-02-10 00:41:12,2026-02-10 00:41:12,,,,,2026-03-10T11:30:55.927371
10470,2600874,,2026-02-09,,,1568.0,ready,2026-02-10 00:41:14,2026-02-10 00:41:14,,,,,2026-03-10T11:30:55.927371
10471,2600875,,2026-02-09,,,343.0,ready,2026-02-10 00:41:15,2026-02-10 00:41:15,,,,,2026-03-10T11:30:55.927371
10472,2600876,,2026-02-09,,,537.0,ready,2026-02-10 00:41:15,2026-02-10 00:41:16,,,,,2026-03-10T11:30:55.927371
10473,2600877,,2026-02-09,,,1259.0,ready,2026-02-10 00:41:16,2026-02-10 00:41:17,,,,,2026-03-10T11:30:55.927371
10474,2600878,,2026-02-09,,,90.0,ready,2026-02-10 00:41:18,2026-02-10 00:41:18,,,,,2026-03-10T11:30:55.927371
10475,2600879,,2026-02-09,,,1160.0,ready,2026-02-10 00:41:19,2026-02-10 00:41:19,,,,,2026-03-10T11:30:55.927371
10476,2600880,,2026-02-09,,,1141.71,ready,2026-02-10 00:41:19,2026-02-10 00:41:20,,,,,2026-03-10T11:30:55.927371
10477,2600881,,2026-02-09,,,880.0,ready,2026-02-10 00:41:20,2026-02-10 00:41:21,,,,,2026-03-10T11:30:55.927371
10478,2600882,,2026-02-09,,,2085.0,ready,2026-02-10 00:41:21,2026-02-10 00:41:22,,,,,2026-03-10T11:30:55.927371
10479,2600883,,2026-02-09,,,1208.0,ready,2026-02-10 00:41:23,2026-02-10 00:41:23,,,,,2026-03-10T11:30:55.927371
10480,2600884,,2026-02-09,,,1029.0,ready,2026-02-10 00:41:24,2026-02-10 00:41:24,,,,,2026-03-10T11:30:55.927371
10481,2600885,,2026-02-09,,,751.0,ready,2026-02-10 00:41:24,2026-02-10 00:41:25,,,,,2026-03-10T11:30:55.927371
10482,2600886,,2026-02-09,,,4862.0,ready,2026-02-10 00:41:25,2026-02-10 00:41:26,,,,,2026-03-10T11:30:55.927371
10483,2600887,,2026-02-09,,,508.0,ready,2026-02-10 00:41:27,2026-02-10 00:41:27,,,,,2026-03-10T11:30:55.927371
10484,2600888,,2026-02-09,,,2574.0,ready,2026-02-10 00:41:28,2026-02-10 00:41:28,,,,,2026-03-10T11:30:55.927371
10485,2600889,,2026-02-09,,,4071.0,ready,2026-02-10 00:41:29,2026-02-10 00:41:30,,,,,2026-03-10T11:30:55.927371
10486,2600890,,2026-02-09,,,21.6,ready,2026-02-10 00:41:31,2026-02-10 00:41:31,,,,,2026-03-10T11:30:55.927371
10487,2600891,,2026-02-09,,,264.0,ready,2026-02-10 00:41:31,2026-02-10 00:41:31,,,,,2026-03-10T11:30:55.927371
10488,2600892,,2026-02-09,,,344.0,ready,2026-02-10 00:41:32,2026-02-10 00:41:32,,,,,2026-03-10T11:30:55.927371
10489,2600893,,2026-02-09,,,274.0,ready,2026-02-10 00:41:33,2026-02-10 00:41:33,,,,,2026-03-10T11:30:55.927371
10490,2600894,,2026-02-09,,,667.0,ready,2026-02-10 00:41:33,2026-02-10 00:41:34,,,,,2026-03-10T11:30:55.927371
10491,2600895,,2026-02-09,,,458.0,ready,2026-02-10 00:41:34,2026-02-10 00:41:34,,,,,2026-03-10T11:30:55.927371
10492,2600896,,2026-02-09,,,488.0,ready,2026-02-10 00:41:35,2026-02-10 00:41:35,,,,,2026-03-10T11:30:55.927371
10493,2600897,,2026-02-09,,,320.0,ready,2026-02-10 00:41:36,2026-02-10 00:41:36,,,,,2026-03-10T11:30:55.927371
10494,2600898,,2026-02-09,,,2180.0,ready,2026-02-10 00:41:36,2026-02-10 00:41:36,,,,,2026-03-10T11:30:55.927371
10495,2600899,,2026-02-09,,,88.0,ready,2026-02-10 00:41:37,2026-02-10 00:41:37,,,,,2026-03-10T11:30:55.927371
10496,2600900,,2026-02-09,,,1972.0,ready,2026-02-10 00:41:38,2026-02-10 00:41:38,,,,,2026-03-10T11:30:55.927371
10497,2600901,,2026-02-09,,,328.0,ready,2026-02-10 00:41:39,2026-02-10 00:41:39,,,,,2026-03-10T11:30:55.927371
10498,2600902,,2026-02-09,,,986.0,ready,2026-02-10 00:41:40,2026-02-10 00:41:40,,,,,2026-03-10T11:30:55.927371
10499,2600903,,2026-02-09,,,294.0,ready,2026-02-10 00:41:41,2026-02-10 00:41:41,,,,,2026-03-10T11:30:55.927371
10500,2600904,,2026-02-09,,,508.0,ready,2026-02-10 00:41:42,2026-02-10 00:41:42,,,,,2026-03-10T11:30:55.927371
10501,2600905,,2026-02-09,,,427.0,ready,2026-02-10 00:41:42,2026-02-10 00:41:42,,,,,2026-03-10T11:30:55.927371
10502,2600906,,2026-02-09,,,1753.0,ready,2026-02-10 00:41:43,2026-02-10 00:41:44,,,,,2026-03-10T11:30:56.371795
10503,2600907,,2026-02-09,,,492.0,ready,2026-02-10 00:41:44,2026-02-10 00:41:45,,,,,2026-03-10T11:30:56.371795
10504,2600908,,2026-02-09,,,3317.0,ready,2026-02-10 00:41:45,2026-02-10 00:41:46,,,,,2026-03-10T11:30:56.371795
10505,2600909,,2026-02-09,,,159.0,ready,2026-02-10 00:41:47,2026-02-10 00:41:47,,,,,2026-03-10T11:30:56.371795
10506,2600910,,2026-02-09,,,212.5,ready,2026-02-10 00:41:48,2026-02-10 00:41:48,,,,,2026-03-10T11:30:56.371795
10507,2600911,,2026-02-09,,,258.0,ready,2026-02-10 00:41:49,2026-02-10 00:41:49,,,,,2026-03-10T11:30:56.371795
10508,2600912,,2026-02-09,,,1853.0,ready,2026-02-10 00:41:49,2026-02-10 00:41:50,,,,,2026-03-10T11:30:56.371795
10322,2600759,,2026-02-06,,,672.0,ready,2026-02-06 00:39:46,2026-02-06 00:39:47,,,,,2026-03-10T11:03:34.140033
10330,2600760,,2026-02-06,,,14255.0,ready,2026-02-07 00:38:40,2026-02-07 00:38:41,,,,,2026-03-10T11:03:34.140033
10331,2600761,,2026-02-06,,,939.0,ready,2026-02-07 00:38:42,2026-02-07 00:38:42,,,,,2026-03-10T11:03:34.140033
10332,2600762,,2026-02-06,,,4687.0,ready,2026-02-07 00:38:43,2026-02-07 00:38:44,,,,,2026-03-10T11:03:34.140033
10333,2600763,,2026-02-06,,,1233.5,ready,2026-02-07 00:38:45,2026-02-07 00:38:45,,,,,2026-03-10T11:03:34.140033
10334,2600764,,2026-02-06,,,1595.0,ready,2026-02-07 00:38:46,2026-02-07 00:38:46,,,,,2026-03-10T11:03:34.140033
10335,2600765,,2026-02-06,,,1376.5,ready,2026-02-07 00:38:47,2026-02-07 00:38:48,,,,,2026-03-10T11:03:34.140033
10336,2600766,,2026-02-06,,,1584.0,ready,2026-02-07 00:38:48,2026-02-07 00:38:49,,,,,2026-03-10T11:03:34.140033
10337,2600767,,2026-02-06,,,238.0,ready,2026-02-07 00:38:50,2026-02-07 00:38:50,,,,,2026-03-10T11:03:34.140033
10338,2600768,,2026-02-06,,,1992.0,ready,2026-02-07 00:38:51,2026-02-07 00:38:51,,,,,2026-03-10T11:03:34.140033
10339,2600769,,2026-02-06,,,369.0,ready,2026-02-07 00:38:52,2026-02-07 00:38:52,,,,,2026-03-10T11:03:34.140033
10340,2600770,,2026-02-06,,,2800.0,ready,2026-02-07 00:38:53,2026-02-07 00:38:53,,,,,2026-03-10T11:03:34.140033
10341,2600771,,2026-02-06,,,1595.0,ready,2026-02-07 00:38:54,2026-02-07 00:38:55,,,,,2026-03-10T11:03:34.140033
10342,2600772,,2026-02-06,,,159.0,ready,2026-02-07 00:38:55,2026-02-07 00:38:55,,,,,2026-03-10T11:03:34.140033
10343,2600773,,2026-02-06,,,470.0,ready,2026-02-07 00:38:56,2026-02-07 00:38:56,,,,,2026-03-10T11:03:34.140033
10344,2600774,,2026-02-06,,,5253.0,ready,2026-02-07 00:38:57,2026-02-07 00:38:57,,,,,2026-03-10T11:03:34.140033
10345,2600775,,2026-02-06,,,139.0,ready,2026-02-07 00:38:59,2026-02-07 00:38:59,,,,,2026-03-10T11:03:34.140033
10346,2600776,,2026-02-06,,,1078.44,ready,2026-02-07 00:38:59,2026-02-07 00:38:59,,,,,2026-03-10T11:03:34.140033
10347,2600777,,2026-02-06,,,343.0,ready,2026-02-07 00:39:00,2026-02-07 00:39:00,,,,,2026-03-10T11:03:34.140033
10348,2600778,,2026-02-06,,,1827.0,ready,2026-02-07 00:39:01,2026-02-07 00:39:01,,,,,2026-03-10T11:03:34.140033
10349,2600779,,2026-02-06,,,1148.0,ready,2026-02-07 00:39:02,2026-02-07 00:39:02,,,,,2026-03-10T11:03:34.140033
10350,2600780,,2026-02-06,,,1760.0,ready,2026-02-07 00:39:03,2026-02-07 00:39:04,,,,,2026-03-10T11:03:34.140033
10351,2600781,,2026-02-06,,,219.0,ready,2026-02-07 00:39:04,2026-02-07 00:39:05,,,,,2026-03-10T11:03:34.140033
10352,2600782,,2026-02-06,,,2085.0,ready,2026-02-07 00:39:05,2026-02-07 00:39:06,,,,,2026-03-10T11:03:34.140033
10353,2600783,,2026-02-06,,,2614.0,ready,2026-02-07 00:39:07,2026-02-07 00:39:07,,,,,2026-03-10T11:03:34.140033
10354,2600784,,2026-02-06,,,867.5,ready,2026-02-07 00:39:08,2026-02-07 00:39:08,,,,,2026-03-10T11:03:34.140033
10355,2600785,,2026-02-06,,,3356.0,ready,2026-02-07 00:39:09,2026-02-07 00:39:10,,,,,2026-03-10T11:03:34.140033
10356,2600786,,2026-02-06,,,880.0,ready,2026-02-07 00:39:11,2026-02-07 00:39:11,,,,,2026-03-10T11:03:34.140033
10357,2600787,,2026-02-06,,,880.0,ready,2026-02-07 00:39:12,2026-02-07 00:39:12,,,,,2026-03-10T11:03:34.140033
10358,2600788,,2026-02-06,,,880.0,ready,2026-02-07 00:39:13,2026-02-07 00:39:13,,,,,2026-03-10T11:03:34.140033
10359,2600789,,2026-02-06,,,880.0,ready,2026-02-07 00:39:14,2026-02-07 00:39:14,,,,,2026-03-10T11:03:34.140033
10360,2600790,,2026-02-06,,,880.0,ready,2026-02-07 00:39:15,2026-02-07 00:39:15,,,,,2026-03-10T11:03:34.140033
10361,2600791,,2026-02-06,,,880.0,ready,2026-02-07 00:39:15,2026-02-07 00:39:16,,,,,2026-03-10T11:03:34.140033
10362,2600792,,2026-02-06,,,880.0,ready,2026-02-07 00:39:16,2026-02-07 00:39:17,,,,,2026-03-10T11:03:34.140033
10363,2600793,,2026-02-06,,,880.0,ready,2026-02-07 00:39:17,2026-02-07 00:39:18,,,,,2026-03-10T11:03:34.140033
10364,2600794,,2026-02-06,,,880.0,ready,2026-02-07 00:39:18,2026-02-07 00:39:18,,,,,2026-03-10T11:03:34.140033
10365,2600795,,2026-02-06,,,880.0,ready,2026-02-07 00:39:19,2026-02-07 00:39:19,,,,,2026-03-10T11:03:34.783921
10366,2600796,,2026-02-06,,,880.0,ready,2026-02-07 00:39:20,2026-02-07 00:39:20,,,,,2026-03-10T11:03:34.783921
10367,2600797,,2026-02-06,,,3411.5,ready,2026-02-07 00:39:21,2026-02-07 00:39:22,,,,,2026-03-10T11:03:34.783921
10368,2600798,,2026-02-06,,,2233.0,ready,2026-02-07 00:39:23,2026-02-07 00:39:23,,,,,2026-03-10T11:03:34.783921
10369,2600799,,2026-02-06,,,687.0,ready,2026-02-07 00:39:24,2026-02-07 00:39:24,,,,,2026-03-10T11:03:34.783921
10370,2600800,,2026-02-06,,,520.0,ready,2026-02-07 00:39:25,2026-02-07 00:39:25,,,,,2026-03-10T11:03:34.783921
10371,2600801,,2026-02-06,,,520.0,ready,2026-02-07 00:39:25,2026-02-07 00:39:25,,,,,2026-03-10T11:03:34.783921
10372,2600802,,2026-02-06,,,222.59,ready,2026-02-07 00:39:26,2026-02-07 00:39:26,,,,,2026-03-10T11:03:34.783921
10373,2600803,,2026-02-06,,,222.59,ready,2026-02-07 00:39:27,2026-02-07 00:39:27,,,,,2026-03-10T11:03:34.783921
10374,2600804,,2026-02-06,,,222.59,ready,2026-02-07 00:39:27,2026-02-07 00:39:27,,,,,2026-03-10T11:03:34.783921
10375,2600805,,2026-02-06,,,222.59,ready,2026-02-07 00:39:28,2026-02-07 00:39:28,,,,,2026-03-10T11:03:34.783921
10376,TJ22226,,2026-02-06,,,42.0,ready,2026-02-07 00:39:57,2026-02-07 00:39:57,,,,,2026-03-10T11:03:34.783921
10377,TJ22227,,2026-02-06,,,16.0,ready,2026-02-07 00:39:58,2026-02-07 00:39:58,,,,,2026-03-10T11:03:34.783921
10378,TJ22228,,2026-02-06,,,90.0,ready,2026-02-07 00:39:58,2026-02-07 00:39:58,,,,,2026-03-10T11:03:34.783921
10260,2600708,,2026-02-05,,,5770.0,ready,2026-02-05 00:38:43,2026-02-05 00:38:43,,,,,2026-03-10T11:03:34.140033
10261,2600709,,2026-02-05,,,880.0,ready,2026-02-05 00:38:45,2026-02-05 00:38:45,,,,,2026-03-10T11:03:34.140033
10262,2600710,,2026-02-05,,,2800.0,ready,2026-02-05 00:38:46,2026-02-05 00:38:46,,,,,2026-03-10T11:03:34.140033
10263,2600711,,2026-02-05,,,83.0,ready,2026-02-05 00:38:47,2026-02-05 00:38:47,,,,,2026-03-10T11:03:34.140033
10264,2600712,,2026-02-05,,,631.0,ready,2026-02-05 00:38:48,2026-02-05 00:38:48,,,,,2026-03-10T11:03:34.140033
10265,2600713,,2026-02-05,,,1306.0,ready,2026-02-05 00:38:49,2026-02-05 00:38:49,,,,,2026-03-10T11:03:34.140033
10266,2600714,,2026-02-05,,,588.0,ready,2026-02-05 00:38:50,2026-02-05 00:38:50,,,,,2026-03-10T11:03:34.140033
10267,2600715,,2026-02-05,,,239.0,ready,2026-02-05 00:38:51,2026-02-05 00:38:51,,,,,2026-03-10T11:03:34.140033
10268,2600716,,2026-02-05,,,631.0,ready,2026-02-05 00:38:51,2026-02-05 00:38:52,,,,,2026-03-10T11:03:34.140033
10269,2600717,,2026-02-05,,,244.0,ready,2026-02-05 00:38:52,2026-02-05 00:38:52,,,,,2026-03-10T11:03:34.140033
10270,2600718,,2026-02-05,,,720.0,ready,2026-02-05 00:38:53,2026-02-05 00:38:53,,,,,2026-03-10T11:03:34.140033
10271,2600719,,2026-02-05,,,947.0,ready,2026-02-05 00:38:54,2026-02-05 00:38:54,,,,,2026-03-10T11:03:34.140033
10272,2600720,,2026-02-05,,,1104.0,ready,2026-02-05 00:38:55,2026-02-05 00:38:55,,,,,2026-03-10T11:03:34.140033
10273,2600721,,2026-02-05,,,1338.0,ready,2026-02-05 00:38:56,2026-02-05 00:38:56,,,,,2026-03-10T11:03:34.140033
10274,2600722,,2026-02-05,,,683.0,ready,2026-02-05 00:38:57,2026-02-05 00:38:57,,,,,2026-03-10T11:03:34.140033
10275,2600723,,2026-02-05,,,2055.0,ready,2026-02-05 00:38:58,2026-02-05 00:38:58,,,,,2026-03-10T11:03:34.140033
10276,2600724,,2026-02-05,,,180.0,ready,2026-02-05 00:38:59,2026-02-05 00:38:59,,,,,2026-03-10T11:03:34.140033
10277,2600725,,2026-02-05,,,1445.0,ready,2026-02-05 00:39:00,2026-02-05 00:39:00,,,,,2026-03-10T11:03:34.140033
10278,2600726,,2026-02-05,,,452.5,ready,2026-02-05 00:39:01,2026-02-05 00:39:01,,,,,2026-03-10T11:03:34.140033
10279,2600727,,2026-02-05,,,805.3,ready,2026-02-05 00:39:02,2026-02-05 00:39:03,,,,,2026-03-10T11:03:34.140033
10280,2600728,,2026-02-05,,,2472.0,ready,2026-02-05 00:39:04,2026-02-05 00:39:04,,,,,2026-03-10T11:03:34.140033
10281,2600729,,2026-02-05,,,2734.0,ready,2026-02-05 00:39:05,2026-02-05 00:39:05,,,,,2026-03-10T11:03:34.140033
10282,2600730,,2026-02-05,,,1619.0,ready,2026-02-05 00:39:06,2026-02-05 00:39:07,,,,,2026-03-10T11:03:34.140033
10283,2600731,,2026-02-05,,,947.0,ready,2026-02-05 00:39:08,2026-02-05 00:39:08,,,,,2026-03-10T11:03:34.140033
10295,2600732,,2026-02-05,,,947.0,ready,2026-02-06 00:38:59,2026-02-06 00:38:59,,,,,2026-03-10T11:03:34.140033
10296,2600733,,2026-02-05,,,229.0,ready,2026-02-06 00:39:00,2026-02-06 00:39:00,,,,,2026-03-10T11:03:34.140033
10297,2600734,,2026-02-05,,,448.0,ready,2026-02-06 00:39:01,2026-02-06 00:39:01,,,,,2026-03-10T11:03:34.140033
10298,2600735,,2026-02-05,,,212.59,ready,2026-02-06 00:39:01,2026-02-06 00:39:01,,,,,2026-03-10T11:03:34.140033
10299,2600736,,2026-02-05,,,222.59,ready,2026-02-06 00:39:23,2026-02-06 00:39:23,,,,,2026-03-10T11:03:34.140033
10300,2600737,,2026-02-05,,,187.59,ready,2026-02-06 00:39:24,2026-02-06 00:39:24,,,,,2026-03-10T11:03:34.140033
10301,2600738,,2026-02-05,,,2336.0,ready,2026-02-06 00:39:24,2026-02-06 00:39:25,,,,,2026-03-10T11:03:34.140033
10302,2600739,,2026-02-05,,,448.0,ready,2026-02-06 00:39:26,2026-02-06 00:39:26,,,,,2026-03-10T11:03:34.140033
10303,2600740,,2026-02-05,,,1595.0,ready,2026-02-06 00:39:26,2026-02-06 00:39:27,,,,,2026-03-10T11:03:34.140033
10304,2600741,,2026-02-05,,,2779.0,ready,2026-02-06 00:39:28,2026-02-06 00:39:28,,,,,2026-03-10T11:03:34.140033
10305,2600742,,2026-02-05,,,1186.0,ready,2026-02-06 00:39:29,2026-02-06 00:39:29,,,,,2026-03-10T11:03:34.140033
10306,2600743,,2026-02-05,,,328.0,ready,2026-02-06 00:39:30,2026-02-06 00:39:30,,,,,2026-03-10T11:03:34.140033
10307,2600744,,2026-02-05,,,194.0,ready,2026-02-06 00:39:30,2026-02-06 00:39:30,,,,,2026-03-10T11:03:34.140033
10308,2600745,,2026-02-05,,,1722.0,ready,2026-02-06 00:39:31,2026-02-06 00:39:31,,,,,2026-03-10T11:03:34.140033
10309,2600746,,2026-02-05,,,46.0,ready,2026-02-06 00:39:33,2026-02-06 00:39:33,,,,,2026-03-10T11:03:34.140033
10310,2600747,,2026-02-05,,,2727.5,ready,2026-02-06 00:39:33,2026-02-06 00:39:34,,,,,2026-03-10T11:03:34.140033
10311,2600748,,2026-02-05,,,25.25,ready,2026-02-06 00:39:35,2026-02-06 00:39:35,,,,,2026-03-10T11:03:34.140033
10312,2600749,,2026-02-05,,,404.0,ready,2026-02-06 00:39:35,2026-02-06 00:39:35,,,,,2026-03-10T11:03:34.140033
10313,2600750,,2026-02-05,,,986.0,ready,2026-02-06 00:39:36,2026-02-06 00:39:36,,,,,2026-03-10T11:03:34.140033
10314,2600751,,2026-02-05,,,331.0,ready,2026-02-06 00:39:37,2026-02-06 00:39:37,,,,,2026-03-10T11:03:34.140033
10315,2600752,,2026-02-05,,,1271.0,ready,2026-02-06 00:39:38,2026-02-06 00:39:38,,,,,2026-03-10T11:03:34.140033
10316,2600753,,2026-02-05,,,7758.0,ready,2026-02-06 00:39:39,2026-02-06 00:39:40,,,,,2026-03-10T11:03:34.140033
10317,2600754,,2026-02-05,,,309.0,ready,2026-02-06 00:39:42,2026-02-06 00:39:42,,,,,2026-03-10T11:03:34.140033
10318,2600755,,2026-02-05,,,2800.0,ready,2026-02-06 00:39:43,2026-02-06 00:39:43,,,,,2026-03-10T11:03:34.140033
10319,2600756,,2026-02-05,,,1595.0,ready,2026-02-06 00:39:44,2026-02-06 00:39:44,,,,,2026-03-10T11:03:34.140033
10320,2600757,,2026-02-05,,,446.0,ready,2026-02-06 00:39:45,2026-02-06 00:39:45,,,,,2026-03-10T11:03:34.140033
10321,2600758,,2026-02-05,,,212.59,ready,2026-02-06 00:39:46,2026-02-06 00:39:46,,,,,2026-03-10T11:03:34.140033
10323,SB75848,,2026-02-05,,,51.0,ready,2026-02-06 00:40:15,2026-02-06 00:40:15,,,,,2026-03-10T11:03:34.140033
10324,SB76431,,2026-02-05,,,54.0,ready,2026-02-06 00:40:16,2026-02-06 00:40:16,,,,,2026-03-10T11:03:34.140033
10325,SB76432,,2026-02-05,,,63.6,ready,2026-02-06 00:40:16,2026-02-06 00:40:17,,,,,2026-03-10T11:03:34.140033
10326,SB76433,,2026-02-05,,,63.6,ready,2026-02-06 00:40:17,2026-02-06 00:40:17,,,,,2026-03-10T11:03:34.140033
10122,2600595,,2026-02-04,,,2303.0,ready,2026-01-31 00:40:04,2026-01-31 00:40:04,,,,,2026-03-10T11:03:33.511830
10123,2600596,,2026-02-04,,,567.0,ready,2026-01-31 00:40:05,2026-01-31 00:40:05,,,,,2026-03-10T11:03:33.511830
10124,2600597,,2026-02-04,,,980.5,ready,2026-01-31 00:40:06,2026-01-31 00:40:06,,,,,2026-03-10T11:03:33.511830
10125,2600598,,2026-02-04,,,193.0,ready,2026-01-31 00:40:08,2026-01-31 00:40:08,,,,,2026-03-10T11:03:33.511830
10126,2600599,,2026-02-04,,,1240.0,ready,2026-01-31 00:40:09,2026-01-31 00:40:09,,,,,2026-03-10T11:03:33.511830
10127,2600600,,2026-02-04,,,523.0,ready,2026-01-31 00:40:10,2026-01-31 00:40:10,,,,,2026-03-10T11:03:33.511830
10128,2600601,,2026-02-04,,,164.0,ready,2026-01-31 00:40:10,2026-01-31 00:40:10,,,,,2026-03-10T11:03:33.511830
10129,2600602,,2026-02-04,,,3436.0,ready,2026-01-31 00:40:11,2026-01-31 00:40:11,,,,,2026-03-10T11:03:33.511830
10130,2600603,,2026-02-04,,,114.5,ready,2026-01-31 00:40:13,2026-01-31 00:40:13,,,,,2026-03-10T11:03:33.511830
10131,2600604,,2026-02-04,,,947.0,ready,2026-01-31 00:40:13,2026-01-31 00:40:13,,,,,2026-03-10T11:03:33.511830
10132,2600605,,2026-02-04,,,1451.0,ready,2026-01-31 00:40:14,2026-01-31 00:40:14,,,,,2026-03-10T11:03:33.511830
10133,2600606,,2026-02-04,,,567.72,ready,2026-01-31 00:40:16,2026-01-31 00:40:16,,,,,2026-03-10T11:03:33.511830
10134,2600607,,2026-02-04,,,795.0,ready,2026-01-31 00:40:16,2026-01-31 00:40:16,,,,,2026-03-10T11:03:33.511830
10135,2600608,,2026-02-04,,,559.5,ready,2026-01-31 00:40:17,2026-01-31 00:40:18,,,,,2026-03-10T11:03:33.511830
10136,2600609,,2026-02-04,,,370.0,ready,2026-01-31 00:40:19,2026-01-31 00:40:19,,,,,2026-03-10T11:03:33.511830
10137,2600610,,2026-02-04,,,256.0,ready,2026-01-31 00:40:19,2026-01-31 00:40:20,,,,,2026-03-10T11:03:33.511830
10138,2600611,,2026-02-04,,,1422.0,ready,2026-01-31 00:40:21,2026-01-31 00:40:21,,,,,2026-03-10T11:03:33.511830
10139,2600612,,2026-02-04,,,88.0,ready,2026-01-31 00:40:22,2026-01-31 00:40:22,,,,,2026-03-10T11:03:33.511830
10140,2600613,,2026-02-04,,,631.0,ready,2026-01-31 00:40:23,2026-01-31 00:40:23,,,,,2026-03-10T11:03:33.511830
10142,2600615,,2026-02-04,,,3503.0,ready,2026-01-31 00:40:25,2026-01-31 00:40:25,,,,,2026-03-10T11:03:33.511830
10143,2600616,,2026-02-04,,,947.0,ready,2026-01-31 00:40:26,2026-03-04 17:13:11,,,,,2026-03-10T11:03:33.511830
10144,2600617,,2026-02-04,,,1595.0,ready,2026-01-31 00:40:27,2026-01-31 00:40:27,,,,,2026-03-10T11:03:33.511830
10145,2600618,,2026-02-04,,,1595.0,ready,2026-01-31 00:40:28,2026-01-31 00:40:28,,,,,2026-03-10T11:03:33.511830
10146,2600619,,2026-02-04,,,1376.0,ready,2026-01-31 00:40:29,2026-01-31 00:40:29,,,,,2026-03-10T11:03:33.511830
10147,2600620,,2026-02-04,,,318.4,ready,2026-01-31 00:40:30,2026-01-31 00:40:30,,,,,2026-03-10T11:03:33.511830
10148,2600621,,2026-02-04,,,1144.0,ready,2026-01-31 00:40:30,2026-01-31 00:40:31,,,,,2026-03-10T11:03:33.511830
10149,2600622,,2026-02-04,,,483.0,ready,2026-01-31 00:40:32,2026-01-31 00:40:32,,,,,2026-03-10T11:03:33.511830
10150,2600623,,2026-02-04,,,2507.0,ready,2026-01-31 00:40:33,2026-01-31 00:40:33,,,,,2026-03-10T11:03:33.511830
10151,2600624,,2026-02-04,,,795.0,ready,2026-01-31 00:40:34,2026-01-31 00:40:34,,,,,2026-03-10T11:03:33.511830
10152,2600625,,2026-02-04,,,3190.0,ready,2026-01-31 00:40:35,2026-01-31 00:40:35,,,,,2026-03-10T11:03:33.511830
10154,2600627,,2026-02-04,,,947.0,ready,2026-01-31 00:40:37,2026-01-31 00:40:37,,,,,2026-03-10T11:03:33.511830
10155,2600628,,2026-02-04,,,648.0,ready,2026-01-31 00:40:38,2026-01-31 00:40:38,,,,,2026-03-10T11:03:33.511830
10156,2600629,,2026-02-04,,,1595.0,ready,2026-01-31 00:40:38,2026-01-31 00:40:39,,,,,2026-03-10T11:03:33.511830
10157,2600630,,2026-02-04,,,947.0,ready,2026-01-31 00:40:39,2026-01-31 00:40:39,,,,,2026-03-10T11:03:33.511830
10158,2600631,,2026-02-04,,,648.0,ready,2026-01-31 00:40:40,2026-01-31 00:40:40,,,,,2026-03-10T11:03:33.511830
10159,2600632,,2026-02-04,,,1963.0,ready,2026-01-31 00:40:41,2026-01-31 00:40:41,,,,,2026-03-10T11:03:33.511830
10160,2600633,,2026-02-04,,,959.0,ready,2026-01-31 00:40:42,2026-01-31 00:40:42,,,,,2026-03-10T11:03:33.511830
10161,2600634,,2026-02-04,,,623.0,ready,2026-01-31 00:40:43,2026-01-31 00:40:43,,,,,2026-03-10T11:03:33.511830
10183,2600639,,2026-02-04,,,2800.0,ready,2026-02-04 15:26:38,2026-02-04 15:26:39,,,,,2026-03-10T11:03:33.511830
10184,2600640,,2026-02-04,,,992.0,ready,2026-02-04 15:26:40,2026-02-04 15:26:40,,,,,2026-03-10T11:03:33.511830
10185,2600641,,2026-02-04,,,23.4,ready,2026-02-04 15:26:40,2026-02-04 15:26:41,,,,,2026-03-10T11:03:33.511830
10186,2600642,,2026-02-04,,,1171.0,ready,2026-02-04 15:26:41,2026-02-04 15:26:41,,,,,2026-03-10T11:03:33.511830
10187,2600643,,2026-02-04,,,627.0,ready,2026-02-04 15:26:42,2026-02-04 15:26:42,,,,,2026-03-10T11:03:33.511830
10188,2600644,,2026-02-04,,,91.5,ready,2026-02-04 15:26:43,2026-02-04 15:26:43,,,,,2026-03-10T11:03:33.511830
10189,2600645,,2026-02-04,,,368.0,ready,2026-02-04 15:26:44,2026-02-04 15:26:44,,,,,2026-03-10T11:03:33.511830
10190,2600646,,2026-02-04,,,2671.0,ready,2026-02-04 15:26:45,2026-02-04 15:26:45,,,,,2026-03-10T11:03:33.511830
10191,2600647,,2026-02-04,,,328.0,ready,2026-02-04 15:26:46,2026-02-04 15:26:46,,,,,2026-03-10T11:03:33.511830
10192,2600648,,2026-02-04,,,298.0,ready,2026-02-04 15:26:47,2026-02-04 15:26:47,,,,,2026-03-10T11:03:33.511830
10193,2600649,,2026-02-04,,,424.0,ready,2026-02-04 15:26:48,2026-02-04 15:26:48,,,,,2026-03-10T11:03:33.511830
10194,2600650,,2026-02-04,,,520.0,ready,2026-02-04 15:26:49,2026-02-04 15:26:49,,,,,2026-03-10T11:03:33.511830
10195,2600651,,2026-02-04,,,520.0,ready,2026-02-04 15:26:49,2026-02-04 15:26:49,,,,,2026-03-10T11:03:33.511830
10196,2600652,,2026-02-04,,,508.0,ready,2026-02-04 15:26:50,2026-02-04 15:26:50,,,,,2026-03-10T11:03:33.511830
10197,2600653,,2026-02-04,,,379.0,ready,2026-02-04 15:26:51,2026-02-04 15:26:51,,,,,2026-03-10T11:03:33.511830
10198,2600654,,2026-02-04,,,301.76,ready,2026-02-04 15:26:51,2026-02-04 15:26:51,,,,,2026-03-10T11:03:33.511830
10199,2600655,,2026-02-04,,,298.0,ready,2026-02-04 15:26:52,2026-02-04 15:26:52,,,,,2026-03-10T11:03:33.511830
10200,2600656,,2026-02-04,,,508.0,ready,2026-02-04 15:26:53,2026-02-04 15:26:53,,,,,2026-03-10T11:03:33.511830
10201,2600657,,2026-02-04,,,462.0,ready,2026-02-04 15:26:53,2026-02-04 15:26:53,,,,,2026-03-10T11:03:33.511830
10202,2600658,,2026-02-04,,,308.0,ready,2026-02-04 15:26:54,2026-02-04 15:26:54,,,,,2026-03-10T11:03:33.511830
10203,2600659,,2026-02-04,,,308.0,ready,2026-02-04 15:26:55,2026-02-04 15:26:55,,,,,2026-03-10T11:03:33.511830
10204,2600660,,2026-02-04,,,308.0,ready,2026-02-04 15:26:55,2026-02-04 15:26:55,,,,,2026-03-10T11:03:33.511830
10205,2600661,,2026-02-04,,,641.5,ready,2026-02-04 15:26:56,2026-02-04 15:26:56,,,,,2026-03-10T11:03:33.511830
10206,2600662,,2026-02-04,,,808.0,ready,2026-02-04 15:26:57,2026-02-04 15:26:57,,,,,2026-03-10T11:03:33.511830
10207,2600663,,2026-02-04,,,648.0,ready,2026-02-04 15:26:58,2026-02-04 15:26:58,,,,,2026-03-10T11:03:33.511830
10208,2600664,,2026-02-04,,,212.59,ready,2026-02-04 15:26:59,2026-02-04 15:26:59,,,,,2026-03-10T11:03:33.511830
10209,2600665,,2026-02-04,,,809.25,ready,2026-02-04 15:26:59,2026-02-04 15:27:00,,,,,2026-03-10T11:03:33.511830
10210,2600666,,2026-02-04,,,177.0,ready,2026-02-04 15:27:01,2026-02-04 15:27:01,,,,,2026-03-10T11:03:33.511830
10211,2600667,,2026-02-04,,,1775.0,ready,2026-02-04 15:27:02,2026-02-04 15:27:02,,,,,2026-03-10T11:03:33.511830
10212,2600668,,2026-02-04,,,599.0,ready,2026-02-04 15:27:03,2026-02-04 15:27:03,,,,,2026-03-10T11:03:33.511830
10213,2600669,,2026-02-04,,,117.5,ready,2026-02-04 15:27:04,2026-02-04 15:27:04,,,,,2026-03-10T11:03:33.511830
10214,2600670,,2026-02-04,,,39.0,ready,2026-02-04 15:27:05,2026-02-04 15:27:05,,,,,2026-03-10T11:03:33.511830
10215,2600671,,2026-02-04,,,2605.0,ready,2026-02-04 15:27:06,2026-02-04 15:27:06,,,,,2026-03-10T11:03:33.511830
10216,2600672,,2026-02-04,,,6558.5,ready,2026-02-04 15:27:08,2026-02-04 15:27:08,,,,,2026-03-10T11:03:33.511830
10217,2600673,,2026-02-04,,,55.0,ready,2026-02-04 15:27:10,2026-02-04 15:27:10,,,,,2026-03-10T11:03:33.511830
10218,2600674,,2026-02-04,,,973.0,ready,2026-02-04 15:27:11,2026-02-04 15:27:11,,,,,2026-03-10T11:03:33.511830
10219,2600675,,2026-02-04,,,947.0,ready,2026-02-04 15:27:12,2026-02-04 15:27:12,,,,,2026-03-10T11:03:33.511830
10220,2600676,,2026-02-04,,,717.0,ready,2026-02-04 15:27:13,2026-02-04 15:27:13,,,,,2026-03-10T11:03:33.511830
10221,2600677,,2026-02-04,,,656.6,ready,2026-02-04 15:27:14,2026-02-04 15:27:14,,,,,2026-03-10T11:03:33.511830
10222,2600678,,2026-02-04,,,1195.0,ready,2026-02-04 15:27:15,2026-02-04 15:27:15,,,,,2026-03-10T11:03:33.511830
10223,2600679,,2026-02-04,,,905.0,ready,2026-02-04 15:27:17,2026-02-04 15:27:17,,,,,2026-03-10T11:03:33.511830
10224,2600680,,2026-02-04,,,710.5,ready,2026-02-04 15:27:18,2026-02-04 15:27:19,,,,,2026-03-10T11:03:33.511830
10225,2600681,,2026-02-04,,,61.5,ready,2026-02-04 15:27:20,2026-02-04 15:27:20,,,,,2026-03-10T11:03:33.511830
10226,2600682,,2026-02-04,,,2731.0,ready,2026-02-04 15:27:21,2026-02-04 15:27:21,,,,,2026-03-10T11:03:33.511830
10227,2600683,,2026-02-04,,,164.0,ready,2026-02-04 15:27:22,2026-02-04 15:27:22,,,,,2026-03-10T11:03:33.511830
10228,2600684,,2026-02-04,,,1287.0,ready,2026-02-04 15:27:23,2026-02-04 15:27:23,,,,,2026-03-10T11:03:33.511830
10229,2600685,,2026-02-04,,,1833.0,ready,2026-02-04 15:27:24,2026-02-04 15:27:24,,,,,2026-03-10T11:03:33.511830
10230,2600686,,2026-02-04,,,648.0,ready,2026-02-04 15:27:25,2026-02-04 15:27:25,,,,,2026-03-10T11:03:33.511830
10231,2600687,,2026-02-04,,,565.5,ready,2026-02-04 15:27:26,2026-02-04 15:27:26,,,,,2026-03-10T11:03:33.511830
10232,2600688,,2026-02-04,,,117.5,ready,2026-02-04 15:27:27,2026-02-04 15:27:27,,,,,2026-03-10T11:03:33.511830
10233,2600689,,2026-02-04,,,567.0,ready,2026-02-04 15:27:28,2026-02-04 15:27:28,,,,,2026-03-10T11:03:33.511830
10234,2600690,,2026-02-04,,,2501.0,ready,2026-02-04 15:27:29,2026-02-04 15:27:29,,,,,2026-03-10T11:03:33.511830
10235,2600691,,2026-02-04,,,1205.0,ready,2026-02-04 15:27:31,2026-02-04 15:27:31,,,,,2026-03-10T11:03:33.511830
10236,2600692,,2026-02-04,,,1949.0,ready,2026-02-04 15:27:32,2026-02-04 15:27:32,,,,,2026-03-10T11:03:33.511830
10237,2600693,,2026-02-04,,,1240.0,ready,2026-02-04 15:27:33,2026-02-04 15:27:33,,,,,2026-03-10T11:03:33.511830
10238,2600694,,2026-02-04,,,478.0,ready,2026-02-04 15:27:34,2026-02-04 15:27:34,,,,,2026-03-10T11:03:33.511830
10239,2600695,,2026-02-04,,,1.8,ready,2026-02-04 15:27:35,2026-02-04 15:27:35,,,,,2026-03-10T11:03:33.511830
10240,2600696,,2026-02-04,,,730.5,ready,2026-02-04 15:27:36,2026-02-04 15:27:36,,,,,2026-03-10T11:03:33.511830
10241,2600697,,2026-02-04,,,1019.5,ready,2026-02-04 15:27:37,2026-02-04 15:27:38,,,,,2026-03-10T11:03:33.511830
10242,2600698,,2026-02-04,,,38.6,ready,2026-02-04 15:27:39,2026-02-04 15:27:39,,,,,2026-03-10T11:03:33.511830
10243,2600699,,2026-02-04,,,3497.0,ready,2026-02-04 15:27:40,2026-02-04 15:27:40,,,,,2026-03-10T11:03:33.511830
10244,2600700,,2026-02-04,,,1350.0,ready,2026-02-04 15:27:42,2026-02-04 15:27:42,,,,,2026-03-10T11:03:33.511830
10245,2600701,,2026-02-04,,,648.0,ready,2026-02-04 15:27:43,2026-02-04 15:27:43,,,,,2026-03-10T11:03:34.140033
10246,2600702,,2026-02-04,,,493.0,ready,2026-02-04 15:27:44,2026-02-04 15:27:44,,,,,2026-03-10T11:03:34.140033
10247,2600703,,2026-02-04,,,148.0,ready,2026-02-04 15:27:44,2026-02-04 15:27:45,,,,,2026-03-10T11:03:34.140033
10248,2600704,,2026-02-04,,,2338.6,ready,2026-02-04 15:27:46,2026-02-04 15:27:46,,,,,2026-03-10T11:03:34.140033
10249,2600705,,2026-02-04,,,1016.0,ready,2026-02-04 15:27:48,2026-02-04 15:27:48,,,,,2026-03-10T11:03:34.140033
10250,2600706,,2026-02-04,,,369.0,ready,2026-02-04 15:27:49,2026-02-04 15:27:49,,,,,2026-03-10T11:03:34.140033
10251,2600707,,2026-02-04,,,245.0,ready,2026-02-04 15:27:50,2026-02-04 15:27:51,,,,,2026-03-10T11:03:34.140033
10252,TJ22224,,2026-02-04,,,90.0,ready,2026-02-04 15:28:21,2026-02-04 15:28:21,,,,,2026-03-10T11:03:34.140033
10253,TJ22225,,2026-02-04,,,90.0,ready,2026-02-04 15:28:21,2026-02-04 15:28:22,,,,,2026-03-10T11:03:34.140033
11162,2600616A,,2026-02-04,,,1205.0,ready,2026-03-09 17:04:48,2026-03-09 17:04:48,,,,,2026-03-10T11:03:37.313672
